date,amount,description
2024-11-15,3517.1,ATM CASH WITHDRAWAL SBI ATM 50212
2024-10-19,3117.71,UPI/476601/PHONEPE
2024-06-14,2881.42,NEFT TRANSFER TO BOOKMYSHOW 15529
2024-01-14,2183.06,INDIAN OIL DELHI TXN 94878
2024-03-19,2319.19,ATM CASH WITHDRAWAL SBI ATM 36544
2024-12-15,4175.81,IMPS TRANSFER TO PHONEPE 90792
2024-01-31,2968.1,NEFT TRANSFER TO NYKAA 88065
2024-06-13,1010.4,ATM CASH WITHDRAWAL HDFC ATM 18168
2024-01-31,3404.91,UPI/374025/KFC
2024-01-30,3723.35,IMPS TRANSFER TO APPLE 40319
2024-11-25,2437.77,IMPS TRANSFER TO UBER 52725
2024-09-20,3844.61,HPCL MUMBAI TXN 60647
2024-05-05,675.35,ATM CASH WITHDRAWAL HDFC ATM 79236
2024-07-22,2383.51,UPI/632430/BOOKMYSHOW
2024-03-22,2851.96,UPI/112011/JIOMART
2024-02-21,3271.74,UPI/958507/HDFCBANK
2024-06-30,1564.67,UBER DELHI TXN 93451
2024-02-21,3969.43,ATM CASH WITHDRAWAL HDFC ATM 21581
2024-01-13,807.04,IMPS TRANSFER TO NYKAA 96767
2024-05-22,3229.55,AIRINDIA DELHI TXN 63842
2024-09-04,4631.94,ATM CASH WITHDRAWAL SBI ATM 50754
2024-08-23,4427.17,HPCL IN TXN 61112
2024-07-05,1116.19,IMPS TRANSFER TO AIRINDIA 47261
2024-04-19,3213.1,IMPS TRANSFER TO FLIPKART 91060
2024-04-29,3815.94,IMPS TRANSFER TO MYNTRA 51560
2024-12-31,2245.23,UPI/216149/MAKEMYTRIP
2024-08-19,2135.1,NEFT TRANSFER TO SWIGGY 77462
2024-09-13,3366.79,IMPS TRANSFER TO DOMINOS 33915
2024-12-13,2879.58,ATM CASH WITHDRAWAL ICICI ATM 82432
2024-06-26,1008.96,AMAZON MUMBAI TXN 98830
2024-02-28,2038.76,OLA MUMBAI TXN 59770
2024-10-26,1935.86,NEFT TRANSFER TO INDIAN OIL 50740
2024-06-24,3130.69,FLIPKART DELHI TXN 84188
2024-07-13,3896.82,ATM CASH WITHDRAWAL ICICI ATM 14905
2024-12-12,1977.1,UPI/376860/NYKAA
2024-08-17,1433.32,ICICI BANK MUMBAI TXN 60806
2024-04-10,1728.33,IMPS TRANSFER TO KFC 97661
2024-08-01,3285.92,NEFT TRANSFER TO INDIAN OIL 68143
2024-05-28,4032.24,NYKAA MUMBAI TXN 11094
2024-04-05,2210.15,UPI/954667/PAYTM
2024-08-17,1665.91,NEFT TRANSFER TO HPCL 58562
2024-09-22,1736.04,NEFT TRANSFER TO FLIPKART 75119
2024-03-12,2910.02,OLA DELHI TXN 45728
2024-08-01,4204.45,ATM CASH WITHDRAWAL ICICI ATM 83755
2024-05-26,4095.32,NYKAA MUMBAI TXN 61090
2024-07-16,2013.54,NEFT TRANSFER TO UBER 36767
2024-09-08,3299.55,UPI/141386/UBER
2024-06-12,1958.03,IMPS TRANSFER TO MYNTRA 60721
2024-09-01,959.12,FLIPKART MUMBAI TXN 61743
2024-02-28,54.39,ZOMATO DELHI TXN 98045
2024-09-28,3655.87,INDIAN OIL DELHI TXN 63732
2024-02-02,1134.96,UPI/874771/MAKEMYTRIP
2024-12-16,663.74,IMPS TRANSFER TO KFC 58328
2024-12-23,1845.91,ATM CASH WITHDRAWAL HDFC ATM 22985
2024-04-05,3052.84,IMPS TRANSFER TO IRCTC 47990
2024-01-31,1528.59,ATM CASH WITHDRAWAL HDFC ATM 97673
2024-11-21,2613.9,UBER DELHI TXN 40237
2024-08-22,2174.39,ATM CASH WITHDRAWAL HDFC ATM 94091
2024-08-06,1864.13,IMPS TRANSFER TO APPLE 36672
2024-01-27,4003.14,IMPS TRANSFER TO SHELL PETROL 76135
2024-07-02,3798.25,ATM CASH WITHDRAWAL HDFC ATM 78096
2024-05-02,3851.12,NEFT TRANSFER TO DOMINOS 48385
2024-06-29,2814.76,UPI/328233/JIOMART
2024-10-27,3214.26,NEFT TRANSFER TO KFC 12873
2024-12-29,1097.34,UPI/832767/ZOMATO
2024-09-11,3755.99,IMPS TRANSFER TO AMAZON 90620
2024-04-30,4961.42,IMPS TRANSFER TO DOMINOS 29167
2024-05-25,2180.35,UPI/395983/SHELLPETROL
2024-12-23,1856.77,NEFT TRANSFER TO PHONEPE 56365
2024-07-28,2230.61,NEFT TRANSFER TO HDFC BANK 86353
2024-10-27,4156.77,MCDONALDS IN TXN 57545
2024-11-21,1453.18,NEFT TRANSFER TO JIOMART 67863
2024-04-08,1288.65,IMPS TRANSFER TO DOMINOS 37013
2024-05-15,3677.48,UBER IN TXN 94805
2024-05-04,4458.62,IMPS TRANSFER TO APPLE 38544
2024-12-13,4570.17,APPLE IN TXN 55093
2024-12-26,1005.43,ATM CASH WITHDRAWAL ICICI ATM 53604
2024-05-06,407.36,NEFT TRANSFER TO JIOMART 47144
2024-06-07,2132.16,IMPS TRANSFER TO FLIPKART 71765
2024-02-09,2394.25,UPI/632372/HPCL
2024-11-06,1295.87,IMPS TRANSFER TO BIGBASKET 46919
2024-11-26,1793.66,IMPS TRANSFER TO FLIPKART 82158
2024-08-15,1019.35,IMPS TRANSFER TO HPCL 89811
2024-04-22,1947.24,UPI/350917/SWIGGY
2024-12-13,750.17,NEFT TRANSFER TO APPLE 79081
2024-08-15,4923.17,UPI/648590/PHONEPE
2024-03-04,2237.21,IMPS TRANSFER TO HPCL 24200
2024-01-07,2951.25,NEFT TRANSFER TO GOOGLE 71825
2024-03-23,4836.35,AMAZON DELHI TXN 30549
2024-07-09,769.2,ATM CASH WITHDRAWAL ICICI ATM 72833
2024-05-16,1693.41,UPI/146571/DOMINOS
2024-03-10,120.13,UPI/968119/BOOKMYSHOW
2024-10-30,1943.55,IMPS TRANSFER TO BIGBASKET 18275
2024-01-06,3302.77,IMPS TRANSFER TO HDFC BANK 13977
2024-05-30,3497.12,NEFT TRANSFER TO MYNTRA 54714
2024-06-17,1554.77,IMPS TRANSFER TO AIRINDIA 61400
2024-12-20,464.57,IMPS TRANSFER TO INDIAN OIL 60225
2024-09-28,4875.18,UPI/710046/SHELLPETROL
2024-10-07,2227.72,IMPS TRANSFER TO IRCTC 30258
2024-08-27,1052.37,ZOMATO DELHI TXN 78594
2024-08-31,2152.23,NEFT TRANSFER TO PAYTM 49066
2024-03-09,1035.95,NEFT TRANSFER TO HDFC BANK 66964
2024-01-14,3404.66,UPI/439283/BOOKMYSHOW
2024-12-17,1931.83,OLA DELHI TXN 86849
2024-09-25,4994.1,MYNTRA DELHI TXN 75704
2024-06-19,4207.23,ICICI BANK DELHI TXN 10829
2024-03-10,774.4,APPLE IN TXN 33457
2024-06-30,4618.74,IMPS TRANSFER TO PAYTM 63493
2024-06-23,2011.54,IMPS TRANSFER TO UBER 77056
2024-09-06,4333.74,ICICI BANK MUMBAI TXN 94808
2024-06-29,510.02,IMPS TRANSFER TO APPLE 38289
2024-11-16,1705.67,ATM CASH WITHDRAWAL HDFC ATM 63223
2024-04-29,1524.4,NEFT TRANSFER TO BOOKMYSHOW 68822
2024-12-10,4949.87,AIRINDIA MUMBAI TXN 45143
2024-10-05,2845.1,IMPS TRANSFER TO PHONEPE 95491
2024-07-13,1801.92,BOOKMYSHOW DELHI TXN 36096
2024-08-29,3476.51,DOMINOS DELHI TXN 57541
2024-02-23,3929.01,NEFT TRANSFER TO INDIAN OIL 17286
2024-10-20,4856.72,ATM CASH WITHDRAWAL HDFC ATM 55645
2024-02-15,1352.41,NEFT TRANSFER TO MAKEMYTRIP 29044
2024-04-17,1953.62,ATM CASH WITHDRAWAL SBI ATM 81971
2024-11-15,3223.98,MYNTRA MUMBAI TXN 81472
2024-07-08,1254.92,DOMINOS IN TXN 86907
2024-02-16,1564.82,NEFT TRANSFER TO MCDONALDS 26884
2024-05-03,4288.13,UPI/635019/BOOKMYSHOW
2024-03-26,2774.06,IMPS TRANSFER TO KFC 74395
2024-01-06,3566.26,IMPS TRANSFER TO IRCTC 53232
2024-07-26,2919.67,ATM CASH WITHDRAWAL HDFC ATM 20076
2024-11-15,1483.65,SWIGGY IN TXN 88334
2024-08-31,1042.8,IMPS TRANSFER TO HPCL 42032
2024-10-18,712.12,NEFT TRANSFER TO IRCTC 86383
2024-08-29,2892.62,ATM CASH WITHDRAWAL ICICI ATM 97943
2024-09-04,2282.75,SHELL PETROL DELHI TXN 16560
2024-12-15,1723.44,IMPS TRANSFER TO AMAZON 77526
2024-07-22,2234.84,OLA MUMBAI TXN 84348
2024-06-13,1960.12,ATM CASH WITHDRAWAL ICICI ATM 89474
2024-08-18,1143.64,NEFT TRANSFER TO NYKAA 41355
2024-10-30,3718.44,IMPS TRANSFER TO BIGBASKET 39872
2024-03-07,4067.61,UPI/820875/OLA
2024-12-24,64.83,NEFT TRANSFER TO PAYTM 82366
2024-11-09,2458.46,UPI/206578/BOOKMYSHOW
2024-01-25,3859.86,ATM CASH WITHDRAWAL SBI ATM 95371
2024-09-30,3216.92,IMPS TRANSFER TO NYKAA 25326
2024-04-20,3489.51,NEFT TRANSFER TO MYNTRA 28330
2024-08-18,4398.87,IMPS TRANSFER TO HPCL 45961
2024-05-31,2514.0,IMPS TRANSFER TO SHELL PETROL 32255
2024-11-25,1725.16,NEFT TRANSFER TO APPLE 91660
2024-11-21,2074.73,NEFT TRANSFER TO UBER 80646
2024-10-27,2304.79,PHONEPE MUMBAI TXN 33119
2024-08-20,1354.69,ATM CASH WITHDRAWAL ICICI ATM 95006
2024-03-14,2577.1,NEFT TRANSFER TO INDIAN OIL 72836
2024-09-29,2822.68,IMPS TRANSFER TO MAKEMYTRIP 37539
2024-12-13,2482.48,IMPS TRANSFER TO JIOMART 64584
2024-06-23,1046.22,NEFT TRANSFER TO SWIGGY 24028
2024-10-09,4602.77,UPI/877504/HDFCBANK
2024-08-22,2059.29,ATM CASH WITHDRAWAL ICICI ATM 34310
2024-03-14,3866.48,ATM CASH WITHDRAWAL HDFC ATM 18910
2024-01-25,1020.53,APPLE IN TXN 65744
2024-05-18,4614.46,NEFT TRANSFER TO FLIPKART 94223
2024-09-02,4726.94,UPI/169457/IRCTC
2024-03-27,357.8,UPI/687197/KFC
2024-12-13,3993.15,UPI/374251/IRCTC
2024-02-28,2642.22,IMPS TRANSFER TO SHELL PETROL 37335
2024-03-31,4356.23,ATM CASH WITHDRAWAL SBI ATM 89896
2024-07-01,1907.88,ATM CASH WITHDRAWAL ICICI ATM 29324
2024-03-24,2484.36,DOMINOS IN TXN 97219
2024-10-21,4058.83,ATM CASH WITHDRAWAL ICICI ATM 39236
2024-07-24,4150.3,NEFT TRANSFER TO MCDONALDS 40108
2024-08-02,3270.87,ATM CASH WITHDRAWAL SBI ATM 52870
2024-05-07,4826.91,IMPS TRANSFER TO BIGBASKET 89916
2024-11-04,1924.98,NEFT TRANSFER TO FLIPKART 72547
2024-08-19,765.39,NEFT TRANSFER TO MAKEMYTRIP 84287
2024-10-01,1161.81,NEFT TRANSFER TO SWIGGY 62918
2024-12-11,363.94,MAKEMYTRIP MUMBAI TXN 80402
2024-03-27,1720.7,JIOMART DELHI TXN 78238
2024-05-06,4866.95,NEFT TRANSFER TO MCDONALDS 87489
2024-01-09,4998.43,NEFT TRANSFER TO MYNTRA 69159
2024-03-14,1648.27,UPI/668084/NYKAA
2024-01-22,1084.23,IMPS TRANSFER TO APPLE 37147
2024-09-24,3284.51,IMPS TRANSFER TO GOOGLE 99522
2024-07-30,278.05,NYKAA DELHI TXN 11361
2024-09-11,3825.33,ATM CASH WITHDRAWAL HDFC ATM 85837
2024-12-20,1293.24,JIOMART IN TXN 92889
2024-01-18,2625.02,IMPS TRANSFER TO ICICI BANK 43266
2024-02-15,4179.01,NEFT TRANSFER TO APPLE 94517
2024-01-09,4441.94,IMPS TRANSFER TO JIOMART 76036
2024-07-09,3755.49,NEFT TRANSFER TO SWIGGY 80477
2024-12-13,1715.42,IMPS TRANSFER TO BIGBASKET 26402
2024-02-03,1500.04,UPI/968219/DOMINOS
2024-01-08,3710.1,IMPS TRANSFER TO PHONEPE 40527
2024-10-10,1160.54,KFC MUMBAI TXN 35891
2024-11-17,3350.4,IMPS TRANSFER TO PAYTM 84400
2024-02-04,1885.83,NEFT TRANSFER TO BOOKMYSHOW 98347
2024-12-05,3565.62,NEFT TRANSFER TO JIOMART 22726
2024-04-01,4248.5,IMPS TRANSFER TO PAYTM 83829
2024-02-14,2999.51,IMPS TRANSFER TO MCDONALDS 69985
2024-04-12,3068.18,UPI/225120/IRCTC
2024-11-21,2509.69,UPI/336250/ZOMATO
2024-11-09,1632.28,ATM CASH WITHDRAWAL HDFC ATM 53090
2024-01-12,321.95,MAKEMYTRIP IN TXN 82602
2024-12-24,1175.32,KFC MUMBAI TXN 36515
2024-05-24,936.72,UPI/865865/IRCTC
2024-11-16,2395.14,ATM CASH WITHDRAWAL ICICI ATM 53039
2024-06-23,311.58,ATM CASH WITHDRAWAL SBI ATM 99877
2024-05-13,4420.94,ATM CASH WITHDRAWAL HDFC ATM 82823
2024-04-04,372.88,IMPS TRANSFER TO ZOMATO 27966
2024-07-16,352.39,UPI/170501/ZOMATO
2024-05-26,955.14,NEFT TRANSFER TO HDFC BANK 45392
2024-09-28,4307.09,UPI/956472/IRCTC
2024-04-14,1136.55,IMPS TRANSFER TO MYNTRA 94458
2024-07-08,3984.59,IMPS TRANSFER TO FLIPKART 72506
2024-06-16,4606.98,PHONEPE IN TXN 98285
2024-05-14,185.31,UPI/693808/HPCL
2024-09-12,903.38,NYKAA DELHI TXN 27366
2024-09-15,961.28,MCDONALDS MUMBAI TXN 26279
2024-08-05,3574.6,HPCL MUMBAI TXN 52809
2024-11-10,2136.45,ATM CASH WITHDRAWAL SBI ATM 89932
2024-02-28,2417.71,JIOMART MUMBAI TXN 96881
2024-04-26,1067.51,ATM CASH WITHDRAWAL ICICI ATM 48786
2024-08-10,4661.66,MYNTRA IN TXN 40655
2024-05-13,1524.87,UPI/545782/KFC
2024-01-01,3932.8,ATM CASH WITHDRAWAL HDFC ATM 60561
2024-06-12,3106.75,ICICI BANK IN TXN 83977
2024-07-02,4212.44,IMPS TRANSFER TO AIRINDIA 61733
2024-10-27,759.44,NEFT TRANSFER TO FLIPKART 16288
2024-07-23,172.7,ICICI BANK IN TXN 57794
2024-08-15,2618.26,ATM CASH WITHDRAWAL SBI ATM 10564
2024-06-10,720.53,ATM CASH WITHDRAWAL SBI ATM 95168
2024-12-03,1720.98,ATM CASH WITHDRAWAL ICICI ATM 81126
2024-01-21,2931.0,JIOMART MUMBAI TXN 93343
2024-11-27,4915.92,UPI/962543/UBER
2024-01-26,4883.63,IMPS TRANSFER TO BOOKMYSHOW 75797
2024-08-14,4741.57,UPI/450191/MCDONALDS
2024-06-08,1039.02,UPI/809954/ICICIBANK
2024-01-24,3705.02,UPI/982460/PAYTM
2024-01-23,2486.83,IMPS TRANSFER TO MCDONALDS 87054
2024-06-06,2294.28,NEFT TRANSFER TO ICICI BANK 91880
2024-01-13,3347.82,ATM CASH WITHDRAWAL SBI ATM 85424
2024-11-01,4248.75,ATM CASH WITHDRAWAL SBI ATM 63576
2024-12-16,1285.74,IMPS TRANSFER TO MYNTRA 33806
2024-11-08,182.51,NEFT TRANSFER TO IRCTC 97412
2024-05-14,443.74,GOOGLE DELHI TXN 99590
2024-01-20,1600.04,UPI/858271/HPCL
2024-02-04,2702.03,BIGBASKET DELHI TXN 18102
2024-07-26,4925.34,IMPS TRANSFER TO KFC 96187
2024-06-14,3962.63,NEFT TRANSFER TO KFC 86648
2024-05-30,550.16,NEFT TRANSFER TO AMAZON 84593
2024-03-28,870.69,ATM CASH WITHDRAWAL HDFC ATM 83344
2024-07-02,2181.25,JIOMART IN TXN 99336
2024-12-28,2010.54,NEFT TRANSFER TO UBER 90788
2024-01-02,1174.76,ATM CASH WITHDRAWAL SBI ATM 56869
2024-01-23,3342.18,IMPS TRANSFER TO HPCL 92141
2024-02-05,3730.89,NEFT TRANSFER TO BIGBASKET 75198
2024-07-19,4429.97,ATM CASH WITHDRAWAL SBI ATM 96185
2024-03-22,4053.03,IMPS TRANSFER TO AIRINDIA 89997
2024-07-21,3309.01,NEFT TRANSFER TO IRCTC 41602
2024-08-21,3846.19,UPI/336655/INDIANOIL
2024-03-31,1626.2,NEFT TRANSFER TO MCDONALDS 50335
2024-01-23,3341.31,ATM CASH WITHDRAWAL HDFC ATM 40085
2024-05-09,3273.77,NEFT TRANSFER TO INDIAN OIL 24109
2024-08-16,1332.83,HPCL IN TXN 45589
2024-09-18,1910.31,ATM CASH WITHDRAWAL ICICI ATM 81755
2024-02-15,2124.82,IMPS TRANSFER TO FLIPKART 83307
2024-10-31,1317.95,NEFT TRANSFER TO BOOKMYSHOW 97839
2024-04-03,2729.94,IMPS TRANSFER TO INDIAN OIL 50988
2024-09-28,4207.84,ATM CASH WITHDRAWAL HDFC ATM 27461
2024-09-16,4178.57,NEFT TRANSFER TO PAYTM 44766
2024-04-09,1614.19,AMAZON DELHI TXN 79646
2024-07-31,4522.99,IMPS TRANSFER TO INDIAN OIL 19356
2024-10-15,3685.61,UPI/111076/BIGBASKET
2024-06-19,4151.32,IMPS TRANSFER TO ZOMATO 84185
2024-11-29,1595.95,IMPS TRANSFER TO ICICI BANK 12366
2024-10-17,3499.75,IMPS TRANSFER TO GOOGLE 72123
2024-09-02,4231.96,NEFT TRANSFER TO MCDONALDS 36003
2024-11-16,4795.24,IMPS TRANSFER TO HPCL 28105
2025-01-03,914.91,UPI/845550/SWIGGY
2024-09-18,3707.02,IMPS TRANSFER TO MAKEMYTRIP 87229
2024-02-06,2865.22,IMPS TRANSFER TO ICICI BANK 86067
2024-07-16,1430.56,NEFT TRANSFER TO APPLE 60442
2024-01-27,899.85,NEFT TRANSFER TO OLA 16467
2024-02-15,3435.08,NEFT TRANSFER TO MCDONALDS 28909
2024-02-10,4189.4,ZOMATO MUMBAI TXN 60542
2024-12-20,4350.63,UPI/204962/DOMINOS
2024-05-02,4815.31,ATM CASH WITHDRAWAL ICICI ATM 69070
2024-01-10,2764.26,NYKAA IN TXN 50924
2024-01-30,2434.4,UBER IN TXN 45234
2024-01-14,2421.2,NEFT TRANSFER TO JIOMART 66648
2024-10-10,971.98,UPI/143950/NYKAA
2024-10-16,1262.67,UPI/774633/JIOMART
2024-08-14,1407.22,NEFT TRANSFER TO AMAZON 21365
2024-10-22,3767.24,JIOMART IN TXN 97828
2024-07-21,1677.99,IMPS TRANSFER TO FLIPKART 32876
2024-01-28,3168.85,UPI/817024/MAKEMYTRIP
2024-02-04,3666.56,ATM CASH WITHDRAWAL ICICI ATM 60650
2024-03-09,4471.72,UPI/834741/ICICIBANK
2024-12-23,2992.8,UPI/738302/NYKAA
2024-07-02,4192.73,IMPS TRANSFER TO NYKAA 87401
2024-07-30,3916.11,IMPS TRANSFER TO JIOMART 29571
2024-10-14,632.9,IMPS TRANSFER TO ICICI BANK 26595
2024-08-15,4933.75,ATM CASH WITHDRAWAL ICICI ATM 25191
2024-12-24,1727.85,UPI/288512/SWIGGY
2024-03-23,3870.25,AIRINDIA IN TXN 22085
2024-10-09,577.2,ATM CASH WITHDRAWAL ICICI ATM 12626
2024-10-30,1637.79,UPI/943661/OLA
2024-07-25,462.17,IMPS TRANSFER TO SHELL PETROL 77823
2024-05-07,938.42,ATM CASH WITHDRAWAL SBI ATM 92926
2024-06-02,4727.3,AIRINDIA IN TXN 56236
2024-10-30,393.25,NEFT TRANSFER TO MAKEMYTRIP 44631
2024-08-23,2132.69,NEFT TRANSFER TO ICICI BANK 66040
2024-05-29,4360.14,UPI/464038/MYNTRA
2024-12-15,1024.36,ICICI BANK MUMBAI TXN 62580
2024-07-05,2449.39,UPI/646715/SWIGGY
2024-04-16,237.68,UPI/744283/MAKEMYTRIP
2024-01-27,1031.96,ATM CASH WITHDRAWAL HDFC ATM 29147
2024-08-19,2480.37,ATM CASH WITHDRAWAL ICICI ATM 81139
2024-01-03,130.14,ATM CASH WITHDRAWAL SBI ATM 43433
2024-12-11,114.91,ICICI BANK DELHI TXN 50190
2024-09-30,2509.41,NEFT TRANSFER TO MAKEMYTRIP 12580
2024-09-23,4730.03,BOOKMYSHOW IN TXN 35890
2024-09-25,1132.67,IMPS TRANSFER TO HPCL 51946
2024-08-09,4643.07,NEFT TRANSFER TO APPLE 77373
2024-01-19,4886.78,IMPS TRANSFER TO MYNTRA 13775
2024-05-21,3265.33,GOOGLE IN TXN 67501
2024-09-02,2133.53,IMPS TRANSFER TO NYKAA 52950
2024-09-28,4741.2,ATM CASH WITHDRAWAL ICICI ATM 93029
2024-05-14,4401.29,ZOMATO DELHI TXN 38385
2024-11-21,2312.25,UPI/222695/SWIGGY
2024-03-26,4606.75,NEFT TRANSFER TO DOMINOS 17464
2024-03-12,242.81,UPI/297944/JIOMART
2024-03-24,4545.58,ATM CASH WITHDRAWAL SBI ATM 60072
2024-09-27,4636.41,IMPS TRANSFER TO JIOMART 82996
2024-08-15,679.09,IMPS TRANSFER TO GOOGLE 30433
2024-07-23,2651.15,UPI/754202/FLIPKART
2024-04-22,3057.43,HPCL DELHI TXN 42811
2024-06-04,1985.45,ATM CASH WITHDRAWAL HDFC ATM 67429
2024-06-10,4677.84,ATM CASH WITHDRAWAL ICICI ATM 64830
2024-06-19,2508.08,IMPS TRANSFER TO SWIGGY 64420
2024-02-23,2630.43,NEFT TRANSFER TO BIGBASKET 22175
2024-10-30,2435.32,NEFT TRANSFER TO HPCL 16375
2024-05-25,106.43,ATM CASH WITHDRAWAL HDFC ATM 88373
2024-07-18,2102.83,ICICI BANK DELHI TXN 64334
2024-06-07,4951.32,NEFT TRANSFER TO OLA 22500
2024-06-11,2663.73,UPI/331631/UBER
2024-06-09,1276.28,IMPS TRANSFER TO INDIAN OIL 64607
2024-06-15,2416.11,AIRINDIA MUMBAI TXN 82647
2024-11-29,922.32,IMPS TRANSFER TO BOOKMYSHOW 48431
2024-01-13,1815.42,SHELL PETROL MUMBAI TXN 32766
2024-02-18,2413.71,ATM CASH WITHDRAWAL HDFC ATM 40279
2024-01-04,148.12,SHELL PETROL IN TXN 84019
2024-10-11,3367.7,BIGBASKET MUMBAI TXN 81032
2024-08-19,2286.24,MYNTRA IN TXN 85188
2024-07-08,3421.13,IMPS TRANSFER TO MAKEMYTRIP 59168
2024-04-24,1110.59,ATM CASH WITHDRAWAL HDFC ATM 19948
2024-08-17,993.05,IMPS TRANSFER TO SWIGGY 54145
2024-09-04,1141.29,BIGBASKET IN TXN 69817
2024-04-03,3211.76,UPI/348875/BIGBASKET
2024-07-01,4933.05,NEFT TRANSFER TO FLIPKART 34189
2024-11-25,4913.22,ATM CASH WITHDRAWAL SBI ATM 21985
2024-11-08,748.35,UPI/265000/APPLE
2024-04-17,3336.7,UPI/116162/ICICIBANK
2024-08-22,4033.49,NEFT TRANSFER TO PAYTM 15638
2024-06-28,2151.73,ATM CASH WITHDRAWAL SBI ATM 74020
2024-05-02,2989.52,NEFT TRANSFER TO NYKAA 57989
2024-08-14,76.3,UPI/967391/PAYTM
2024-05-24,4563.85,NEFT TRANSFER TO NYKAA 97543
2024-03-09,2747.96,NEFT TRANSFER TO PHONEPE 86850
2024-12-09,584.37,MCDONALDS MUMBAI TXN 59196
2024-06-28,980.06,UPI/658926/OLA
2024-08-03,3513.84,NEFT TRANSFER TO BIGBASKET 95353
2024-11-15,2023.97,ATM CASH WITHDRAWAL ICICI ATM 79205
2024-09-05,2648.09,NEFT TRANSFER TO GOOGLE 41861
2024-08-13,2064.15,NEFT TRANSFER TO IRCTC 68600
2024-05-21,1603.57,UPI/521777/AMAZON
2024-12-31,1043.79,PHONEPE IN TXN 50896
2024-06-26,4485.47,ATM CASH WITHDRAWAL HDFC ATM 70076
2025-01-01,3820.37,IMPS TRANSFER TO INDIAN OIL 34930
2024-10-22,4243.62,UPI/766552/MAKEMYTRIP
2024-10-31,2229.22,UPI/520664/BIGBASKET
2024-04-07,557.19,BIGBASKET IN TXN 22088
2024-04-26,2717.74,IMPS TRANSFER TO SWIGGY 77647
2024-06-27,2008.14,ATM CASH WITHDRAWAL SBI ATM 36830
2024-08-13,1580.51,DOMINOS MUMBAI TXN 88889
2024-12-06,3473.32,ATM CASH WITHDRAWAL HDFC ATM 19367
2024-04-15,4550.66,UPI/643572/BOOKMYSHOW
2024-05-05,3354.07,NEFT TRANSFER TO KFC 59711
2024-05-10,4796.99,ATM CASH WITHDRAWAL SBI ATM 23602
2024-10-02,99.62,UPI/684379/APPLE
2024-03-03,3418.4,NEFT TRANSFER TO UBER 87319
2024-08-21,3259.05,MAKEMYTRIP DELHI TXN 56458
2024-11-17,4318.73,UPI/701952/JIOMART
2024-03-27,3085.92,ATM CASH WITHDRAWAL HDFC ATM 35059
2024-01-05,1718.6,UPI/206458/MYNTRA
2024-01-23,2256.42,ATM CASH WITHDRAWAL SBI ATM 32333
2024-07-19,3981.77,IMPS TRANSFER TO HPCL 82169
2024-01-18,1669.13,NEFT TRANSFER TO JIOMART 26599
2024-01-08,3919.64,UPI/594262/PAYTM
2024-08-05,4622.32,HPCL IN TXN 28869
2024-10-15,4767.93,IMPS TRANSFER TO NYKAA 46128
2024-01-23,1829.59,IMPS TRANSFER TO BIGBASKET 35111
2024-09-25,1488.98,NEFT TRANSFER TO IRCTC 20577
2024-05-10,3246.75,IMPS TRANSFER TO INDIAN OIL 14053
2024-01-08,3831.25,ATM CASH WITHDRAWAL HDFC ATM 70151
2024-02-29,3204.08,UPI/116688/AMAZON
2024-10-10,4499.22,NEFT TRANSFER TO FLIPKART 84315
2024-09-18,4119.61,HDFC BANK DELHI TXN 51246
2024-07-21,4327.68,UBER IN TXN 83773
2024-06-29,3573.35,ATM CASH WITHDRAWAL SBI ATM 48364
2024-10-31,3442.14,UPI/302989/OLA
2024-02-23,2498.88,IMPS TRANSFER TO MAKEMYTRIP 28636
2024-07-13,180.36,IMPS TRANSFER TO UBER 34954
2024-12-25,2505.68,ATM CASH WITHDRAWAL HDFC ATM 10693
2024-07-21,4295.42,MCDONALDS IN TXN 86275
2024-10-21,4932.04,IRCTC IN TXN 68432
2024-12-28,958.34,ATM CASH WITHDRAWAL ICICI ATM 66892
2024-10-20,3964.47,ATM CASH WITHDRAWAL HDFC ATM 81335
2024-04-01,2546.57,UPI/411949/HDFCBANK
2024-07-26,2862.56,UPI/843806/HDFCBANK
2024-01-04,2133.5,ATM CASH WITHDRAWAL ICICI ATM 58945
2024-10-10,2777.24,UPI/457798/OLA
2024-06-27,1678.42,IMPS TRANSFER TO OLA 22807
2024-04-06,2646.55,HDFC BANK IN TXN 44183
2024-02-15,78.27,ATM CASH WITHDRAWAL HDFC ATM 74172
2024-01-22,1068.99,NEFT TRANSFER TO DOMINOS 40194
2024-06-22,1899.87,IMPS TRANSFER TO APPLE 87281
2024-12-07,3434.8,IMPS TRANSFER TO APPLE 18078
2024-01-17,3599.11,IMPS TRANSFER TO DOMINOS 42042
2024-04-15,3755.55,IMPS TRANSFER TO PAYTM 50528
2024-10-05,4782.33,NEFT TRANSFER TO BIGBASKET 41833
2024-11-16,2423.76,UPI/245806/SHELLPETROL
2024-11-09,2815.27,IMPS TRANSFER TO IRCTC 57268
2024-10-05,4695.65,IMPS TRANSFER TO BOOKMYSHOW 20460
2024-07-18,3510.59,NEFT TRANSFER TO MYNTRA 78263
2024-08-12,2310.18,ATM CASH WITHDRAWAL HDFC ATM 79903
2024-07-08,1546.34,IMPS TRANSFER TO IRCTC 62648
2024-01-18,2323.41,ATM CASH WITHDRAWAL SBI ATM 29430
2024-06-07,1264.54,IMPS TRANSFER TO JIOMART 56833
2024-06-13,4817.84,ATM CASH WITHDRAWAL HDFC ATM 36794
2024-11-23,79.54,IMPS TRANSFER TO SWIGGY 59591
2024-02-22,517.91,NEFT TRANSFER TO ICICI BANK 92658
2024-03-14,3892.5,ATM CASH WITHDRAWAL ICICI ATM 39064
2024-08-25,4698.23,ATM CASH WITHDRAWAL ICICI ATM 94127
2024-04-11,3825.66,NEFT TRANSFER TO HPCL 33127
2024-07-07,1501.79,UPI/578584/MAKEMYTRIP
2025-01-04,443.71,ATM CASH WITHDRAWAL ICICI ATM 13935
2024-12-28,3955.83,ATM CASH WITHDRAWAL ICICI ATM 83238
2024-04-10,2267.19,NEFT TRANSFER TO JIOMART 96833
2024-07-15,1936.13,ATM CASH WITHDRAWAL SBI ATM 23522
2024-08-12,3256.32,ATM CASH WITHDRAWAL HDFC ATM 63765
2024-11-06,2841.82,UPI/276317/INDIANOIL
2024-06-02,2431.25,IMPS TRANSFER TO FLIPKART 33882
2024-03-01,3998.05,IMPS TRANSFER TO HDFC BANK 58264
2024-08-26,1908.31,IMPS TRANSFER TO ICICI BANK 66867
2024-03-31,2322.9,UPI/818624/ZOMATO
2024-02-24,3769.72,IMPS TRANSFER TO IRCTC 25399
2024-06-12,4771.63,IMPS TRANSFER TO OLA 97581
2024-01-02,3565.27,NEFT TRANSFER TO MYNTRA 23607
2024-11-25,4418.77,IMPS TRANSFER TO FLIPKART 90270
2024-07-22,566.23,ATM CASH WITHDRAWAL ICICI ATM 50565
2024-04-26,2609.55,UPI/210921/PHONEPE
2024-03-13,3941.37,UPI/439445/MAKEMYTRIP
2024-09-15,2150.27,NEFT TRANSFER TO HDFC BANK 53133
2024-12-02,2587.91,IRCTC IN TXN 73452
2024-03-10,4838.47,ICICI BANK MUMBAI TXN 66005
2024-02-27,2436.2,NEFT TRANSFER TO IRCTC 70833
2024-03-31,629.32,IMPS TRANSFER TO NYKAA 56568
2024-06-18,712.59,UPI/845709/APPLE
2024-04-13,1977.15,NYKAA IN TXN 21493
2024-06-22,753.83,ATM CASH WITHDRAWAL ICICI ATM 50648
2024-09-28,4961.16,ATM CASH WITHDRAWAL ICICI ATM 77127
2024-08-04,410.14,ATM CASH WITHDRAWAL ICICI ATM 60895
2024-12-03,3264.51,OLA DELHI TXN 94353
2024-03-23,3234.27,IMPS TRANSFER TO AIRINDIA 85494
2024-11-25,4062.99,IMPS TRANSFER TO APPLE 91522
2024-04-05,3631.23,NEFT TRANSFER TO MCDONALDS 44402
2024-10-18,2578.7,NEFT TRANSFER TO MCDONALDS 24448
2024-11-13,1154.82,IMPS TRANSFER TO KFC 75332
2024-07-20,3066.62,UPI/918048/MYNTRA
2024-04-29,1975.42,MCDONALDS MUMBAI TXN 52078
2024-10-23,813.81,DOMINOS MUMBAI TXN 48694
2024-05-05,1591.76,ATM CASH WITHDRAWAL SBI ATM 80140
2024-12-11,2586.82,IMPS TRANSFER TO BIGBASKET 98641
2024-03-16,3343.63,UPI/557018/HDFCBANK
2024-08-30,2189.78,IMPS TRANSFER TO GOOGLE 55731
2024-08-18,426.67,NEFT TRANSFER TO NYKAA 79549
2024-06-21,2825.92,UPI/126230/NYKAA
2024-10-17,2147.04,UPI/506459/ZOMATO
2024-01-07,2944.65,NYKAA IN TXN 53058
2024-11-26,4819.41,UPI/982805/MAKEMYTRIP
2024-04-25,4593.79,NEFT TRANSFER TO ICICI BANK 72358
2024-09-12,752.8,UPI/591098/MYNTRA
2024-11-08,484.58,BOOKMYSHOW MUMBAI TXN 98917
2024-04-05,2531.58,UPI/319749/GOOGLE
2024-12-01,2912.5,UPI/484011/HPCL
2024-02-05,1517.92,ICICI BANK IN TXN 25192
2024-04-27,490.97,IMPS TRANSFER TO SHELL PETROL 50787
2024-02-03,3725.78,IMPS TRANSFER TO GOOGLE 46035
2024-07-08,2045.12,UPI/833991/ZOMATO
2024-11-11,3189.88,IMPS TRANSFER TO SHELL PETROL 25393
2024-02-10,3098.48,UPI/440278/UBER
2024-03-01,3843.12,IMPS TRANSFER TO OLA 52429
2024-06-20,2287.82,UPI/734575/FLIPKART
2024-10-07,4561.29,NEFT TRANSFER TO NYKAA 54955
2024-09-19,1286.83,IMPS TRANSFER TO UBER 97082
2024-08-01,3221.74,KFC DELHI TXN 54270
2024-04-03,2902.73,NEFT TRANSFER TO HDFC BANK 47395
2024-09-05,601.38,IMPS TRANSFER TO AMAZON 39169
2024-05-05,3441.93,IMPS TRANSFER TO PAYTM 20630
2024-06-12,1345.42,IMPS TRANSFER TO AIRINDIA 35172
2024-03-17,4734.14,NEFT TRANSFER TO OLA 69490
2024-07-03,4151.33,IMPS TRANSFER TO DOMINOS 73884
2024-12-11,4520.44,UPI/557947/JIOMART
2024-08-29,4181.1,SHELL PETROL IN TXN 10500
2024-12-09,1423.11,NEFT TRANSFER TO JIOMART 29374
2024-10-05,102.17,IRCTC DELHI TXN 86666
2024-03-06,1931.58,UPI/981006/INDIANOIL
2024-12-10,1831.81,IMPS TRANSFER TO IRCTC 56220
2024-11-25,1225.89,UPI/518373/AMAZON
2024-01-15,4752.68,HDFC BANK IN TXN 21567
2024-03-27,4600.96,ATM CASH WITHDRAWAL HDFC ATM 64020
2024-11-10,761.02,UPI/470929/GOOGLE
2024-11-11,2835.2,NEFT TRANSFER TO NYKAA 65789
2024-01-10,4480.9,NEFT TRANSFER TO BOOKMYSHOW 58866
2024-04-13,3869.78,KFC DELHI TXN 22602
2024-12-14,3065.98,IMPS TRANSFER TO AMAZON 67600
2024-01-11,2732.28,ATM CASH WITHDRAWAL SBI ATM 23444
2024-11-29,1420.31,NEFT TRANSFER TO AMAZON 95335
2024-07-19,609.42,BOOKMYSHOW IN TXN 32251
2024-12-23,339.87,AMAZON MUMBAI TXN 11009
2024-11-11,1768.77,ATM CASH WITHDRAWAL SBI ATM 79527
2024-12-26,3325.3,AIRINDIA DELHI TXN 40006
2024-10-12,4643.17,UPI/754620/APPLE
2024-11-01,2729.38,NYKAA IN TXN 52896
2024-01-18,2725.45,IMPS TRANSFER TO ZOMATO 40525
2024-02-05,4539.59,ATM CASH WITHDRAWAL ICICI ATM 29411
2024-07-05,2463.96,BOOKMYSHOW DELHI TXN 78775
2024-07-23,4837.16,UPI/863822/GOOGLE
2024-07-20,3410.64,UBER DELHI TXN 72772
2024-09-27,3202.57,GOOGLE MUMBAI TXN 69097
2024-10-08,1699.14,NYKAA MUMBAI TXN 33249
2024-02-06,197.15,UPI/419662/INDIANOIL
2024-01-27,773.49,OLA IN TXN 47915
2024-05-08,1884.99,NEFT TRANSFER TO ICICI BANK 97523
2024-10-15,2661.13,NEFT TRANSFER TO JIOMART 98456
2024-10-11,1618.46,UPI/917047/UBER
2024-08-28,791.47,UPI/421214/MCDONALDS
2024-07-13,3918.62,ATM CASH WITHDRAWAL SBI ATM 39831
2024-06-17,251.88,BOOKMYSHOW IN TXN 61332
2024-04-09,3096.05,NEFT TRANSFER TO DOMINOS 70349
2024-03-22,717.03,ATM CASH WITHDRAWAL ICICI ATM 97809
2024-06-10,898.51,ATM CASH WITHDRAWAL HDFC ATM 78202
2024-03-29,3670.22,NEFT TRANSFER TO SWIGGY 23887
2024-10-30,3442.84,NEFT TRANSFER TO APPLE 60615
2024-01-21,96.18,IMPS TRANSFER TO JIOMART 95325
2024-10-14,1844.0,APPLE MUMBAI TXN 14802
2024-01-24,58.1,DOMINOS IN TXN 85734
2024-06-19,529.82,UBER IN TXN 73166
2024-11-30,513.9,UPI/727064/INDIANOIL
2024-03-26,3965.7,ATM CASH WITHDRAWAL HDFC ATM 55271
2024-04-23,1775.78,ATM CASH WITHDRAWAL ICICI ATM 93368
2024-11-18,4549.21,IMPS TRANSFER TO APPLE 23499
2024-11-11,1606.28,IMPS TRANSFER TO BIGBASKET 42455
2024-01-01,4216.53,UPI/792672/PHONEPE
2024-09-04,3149.01,IMPS TRANSFER TO IRCTC 39358
2024-12-15,2935.2,PHONEPE MUMBAI TXN 17256
2024-03-17,3678.23,UPI/656177/SHELLPETROL
2024-04-20,1307.19,MCDONALDS IN TXN 50799
2024-03-06,3522.42,AMAZON DELHI TXN 95677
2024-02-25,1359.56,IMPS TRANSFER TO ZOMATO 47722
2024-10-12,2545.74,HDFC BANK DELHI TXN 54212
2024-08-27,129.03,UPI/956698/NYKAA
2024-08-30,3709.96,IMPS TRANSFER TO HDFC BANK 49003
2024-10-04,4997.55,AIRINDIA IN TXN 35250
2024-03-21,3825.34,NYKAA DELHI TXN 48508
2024-10-07,733.44,UPI/595566/OLA
2024-08-23,1416.2,IMPS TRANSFER TO INDIAN OIL 53548
2024-10-11,1551.77,IMPS TRANSFER TO INDIAN OIL 98188
2024-06-06,3640.42,ATM CASH WITHDRAWAL ICICI ATM 58233
2024-12-20,2007.54,ATM CASH WITHDRAWAL ICICI ATM 47381
2024-09-14,4014.46,NEFT TRANSFER TO ZOMATO 68166
2024-08-09,3596.61,UPI/780477/HPCL
2024-11-05,4280.11,GOOGLE MUMBAI TXN 74643
2024-10-10,2410.5,MAKEMYTRIP DELHI TXN 92852
2024-01-05,3299.69,IMPS TRANSFER TO APPLE 82555
2024-06-22,2745.52,UPI/835088/GOOGLE
2024-04-25,2461.62,INDIAN OIL DELHI TXN 90995
2024-02-04,1533.14,IMPS TRANSFER TO PAYTM 82775
2024-08-16,1119.09,NEFT TRANSFER TO SWIGGY 69310
2024-06-28,1874.02,ATM CASH WITHDRAWAL ICICI ATM 11052
2024-03-28,1430.61,IMPS TRANSFER TO UBER 43992
2024-09-04,670.06,IMPS TRANSFER TO IRCTC 64612
2024-09-01,4119.5,IMPS TRANSFER TO SWIGGY 61863
2024-09-27,4579.23,KFC DELHI TXN 93195
2024-11-22,4231.49,UPI/245384/MCDONALDS
2024-05-11,2975.97,DOMINOS DELHI TXN 57015
2024-06-01,1894.25,NEFT TRANSFER TO DOMINOS 79211
2024-04-15,4869.22,UPI/560918/GOOGLE
2024-10-22,4046.74,NEFT TRANSFER TO ICICI BANK 11438
2024-03-19,1739.94,ATM CASH WITHDRAWAL SBI ATM 51121
2024-05-16,1133.55,HPCL DELHI TXN 86338
2024-04-23,1779.86,IMPS TRANSFER TO OLA 15772
2024-02-11,4751.8,ATM CASH WITHDRAWAL HDFC ATM 37047
2024-11-11,4915.05,NEFT TRANSFER TO HPCL 57249
2024-07-03,4044.54,UPI/751565/NYKAA
2024-06-28,788.12,NEFT TRANSFER TO UBER 54617
2024-08-22,4746.53,UPI/886086/AIRINDIA
2024-10-31,3806.65,UPI/806899/AIRINDIA
2024-04-29,271.89,AMAZON MUMBAI TXN 46387
2024-11-25,746.64,ATM CASH WITHDRAWAL ICICI ATM 89851
2024-02-25,2942.11,NYKAA IN TXN 38136
2024-09-07,3586.31,ATM CASH WITHDRAWAL HDFC ATM 19337
2024-10-14,2580.36,ATM CASH WITHDRAWAL SBI ATM 12224
2024-07-29,3286.46,AMAZON MUMBAI TXN 52842
2024-09-11,3788.08,IMPS TRANSFER TO ICICI BANK 77130
2024-04-10,1686.77,NYKAA IN TXN 21900
2024-12-19,3565.53,UPI/164896/ICICIBANK
2024-06-23,2472.4,ATM CASH WITHDRAWAL ICICI ATM 46936
2024-03-27,1500.64,IMPS TRANSFER TO AIRINDIA 77779
2024-08-17,1925.84,ATM CASH WITHDRAWAL SBI ATM 27304
2024-07-31,1494.86,NEFT TRANSFER TO AMAZON 25276
2024-04-01,1105.84,ATM CASH WITHDRAWAL ICICI ATM 73026
2024-01-31,2078.7,IMPS TRANSFER TO INDIAN OIL 14123
2024-12-31,4008.51,NEFT TRANSFER TO GOOGLE 50718
2024-12-04,2032.78,NEFT TRANSFER TO ICICI BANK 94221
2024-09-10,4322.57,UPI/994184/MYNTRA
2024-04-24,2897.24,IMPS TRANSFER TO BOOKMYSHOW 59775
2024-05-10,3619.3,ATM CASH WITHDRAWAL ICICI ATM 27559
2024-01-12,4241.05,NYKAA IN TXN 34877
2024-10-06,2239.92,ATM CASH WITHDRAWAL SBI ATM 47791
2024-03-21,652.98,UPI/766673/AMAZON
2024-06-07,3988.17,KFC IN TXN 92270
2024-04-21,169.66,ATM CASH WITHDRAWAL ICICI ATM 51725
2024-02-26,4562.84,NEFT TRANSFER TO SWIGGY 79971
2024-06-11,3430.31,BOOKMYSHOW IN TXN 57150
2024-08-21,4617.1,NEFT TRANSFER TO ICICI BANK 31171
2024-03-13,2066.19,ATM CASH WITHDRAWAL HDFC ATM 24668
2024-04-06,154.69,ATM CASH WITHDRAWAL HDFC ATM 84229
2024-12-07,3608.52,UPI/892565/UBER
2024-11-22,1723.97,UPI/574910/UBER
2024-04-05,2592.96,ATM CASH WITHDRAWAL SBI ATM 50682
2024-10-03,1111.69,UPI/774958/ZOMATO
2024-07-06,2113.4,ATM CASH WITHDRAWAL SBI ATM 42075
2024-11-27,3337.16,AIRINDIA DELHI TXN 62663
2024-10-08,4454.83,UPI/465176/BOOKMYSHOW
2024-02-11,1723.03,ATM CASH WITHDRAWAL ICICI ATM 79426
2024-05-28,1158.24,MYNTRA IN TXN 66400
2024-08-31,4219.06,ATM CASH WITHDRAWAL ICICI ATM 72061
2024-12-10,2385.67,ATM CASH WITHDRAWAL SBI ATM 46568
2024-01-15,4359.35,ATM CASH WITHDRAWAL HDFC ATM 54360
2024-08-16,2768.21,IMPS TRANSFER TO ICICI BANK 97428
2024-02-24,558.47,IMPS TRANSFER TO MYNTRA 44434
2024-02-23,3741.68,UPI/877581/OLA
2024-02-24,3556.24,ATM CASH WITHDRAWAL HDFC ATM 20653
2024-11-13,2913.79,NEFT TRANSFER TO INDIAN OIL 41045
2024-11-07,2667.92,NEFT TRANSFER TO INDIAN OIL 18971
2024-02-14,1914.46,UPI/989726/GOOGLE
2024-04-05,4335.53,ATM CASH WITHDRAWAL HDFC ATM 77400
2024-09-30,2348.39,UPI/605957/PHONEPE
2024-07-25,573.43,NEFT TRANSFER TO MYNTRA 73653
2024-01-03,1362.65,UPI/129523/HPCL
2024-12-14,1078.55,UPI/813240/BIGBASKET
2024-06-09,3546.59,UPI/544204/SWIGGY
2024-10-17,1698.92,FLIPKART DELHI TXN 41114
2024-06-06,1397.99,UPI/214953/SWIGGY
2024-09-29,1637.03,ATM CASH WITHDRAWAL HDFC ATM 99424
2024-11-12,3913.81,NEFT TRANSFER TO JIOMART 38925
2024-06-06,4510.36,NEFT TRANSFER TO HDFC BANK 81185
2024-05-28,3831.54,IMPS TRANSFER TO DOMINOS 69458
2024-04-24,3590.8,NEFT TRANSFER TO PAYTM 13397
2024-07-24,4833.16,NEFT TRANSFER TO SWIGGY 21813
2024-10-29,3650.46,NEFT TRANSFER TO JIOMART 13831
2024-05-13,2015.48,IMPS TRANSFER TO BOOKMYSHOW 56177
2024-06-11,4103.71,UPI/483514/ZOMATO
2024-08-31,4187.17,ZOMATO MUMBAI TXN 12973
2024-07-23,1562.53,SHELL PETROL DELHI TXN 85774
2024-05-15,994.26,UPI/685194/FLIPKART
2024-10-23,4119.6,ATM CASH WITHDRAWAL HDFC ATM 87009
2024-03-14,3405.7,FLIPKART MUMBAI TXN 85901
2024-12-13,373.62,UPI/290015/BOOKMYSHOW
2024-02-07,2949.33,AMAZON DELHI TXN 27175
2024-05-10,4865.96,IMPS TRANSFER TO BOOKMYSHOW 60331
2024-11-10,4988.85,UPI/989941/FLIPKART
2024-09-11,3196.78,ATM CASH WITHDRAWAL HDFC ATM 85394
2024-01-02,885.4,ATM CASH WITHDRAWAL HDFC ATM 24040
2024-12-17,3405.81,UPI/484975/AIRINDIA
2024-02-27,4363.81,NEFT TRANSFER TO FLIPKART 31856
2024-04-01,286.88,NEFT TRANSFER TO MAKEMYTRIP 36411
2024-10-23,4516.14,UPI/897637/UBER
2024-08-12,2251.59,UPI/586178/SWIGGY
2024-02-20,1629.19,NEFT TRANSFER TO MCDONALDS 15063
2024-09-10,1911.35,IMPS TRANSFER TO INDIAN OIL 77852
2024-06-26,4558.61,SWIGGY DELHI TXN 48733
2024-05-09,4738.11,ATM CASH WITHDRAWAL HDFC ATM 22421
2024-04-03,2634.48,BOOKMYSHOW DELHI TXN 70577
2024-12-18,534.45,UPI/834549/DOMINOS
2024-04-02,312.25,MYNTRA MUMBAI TXN 40465
2024-12-14,2362.5,IMPS TRANSFER TO MCDONALDS 91161
2024-11-07,3499.53,NEFT TRANSFER TO BIGBASKET 73486
2024-03-12,1439.22,IMPS TRANSFER TO JIOMART 84597
2024-01-10,1721.56,ATM CASH WITHDRAWAL HDFC ATM 93106
2024-06-09,489.55,UPI/497675/AIRINDIA
2024-05-01,3791.93,ATM CASH WITHDRAWAL HDFC ATM 55716
2024-04-14,1071.87,PHONEPE DELHI TXN 63476
2024-10-23,1709.65,ATM CASH WITHDRAWAL ICICI ATM 43833
2024-09-17,562.18,NEFT TRANSFER TO KFC 65743
2024-08-24,230.87,NEFT TRANSFER TO SWIGGY 61381
2024-02-22,2195.43,IMPS TRANSFER TO UBER 37070
2024-10-02,2899.64,BIGBASKET IN TXN 59703
2024-11-14,3888.94,UPI/646862/ICICIBANK
2024-11-24,893.71,UPI/123881/GOOGLE
2024-09-16,4004.01,NEFT TRANSFER TO AMAZON 91445
2024-12-11,3663.92,ATM CASH WITHDRAWAL HDFC ATM 52985
2024-08-08,2800.05,UPI/979836/SHELLPETROL
2024-06-30,3012.13,UPI/424071/IRCTC
2024-11-27,2140.84,HDFC BANK DELHI TXN 86789
2024-04-12,3221.68,UPI/831150/MYNTRA
2024-05-11,1171.57,IMPS TRANSFER TO INDIAN OIL 30773
2024-10-01,2786.44,ATM CASH WITHDRAWAL SBI ATM 15300
2024-03-04,3785.85,ATM CASH WITHDRAWAL ICICI ATM 30173
2024-02-24,1593.4,JIOMART MUMBAI TXN 24598
2024-12-24,1389.55,UPI/466359/IRCTC
2024-01-06,1498.8,NEFT TRANSFER TO INDIAN OIL 18097
2024-04-01,4633.69,ATM CASH WITHDRAWAL SBI ATM 63211
2024-10-27,4313.5,HDFC BANK IN TXN 26718
2024-11-26,1613.13,IMPS TRANSFER TO SHELL PETROL 10533
2024-02-03,2113.04,NEFT TRANSFER TO INDIAN OIL 44081
2024-02-18,4405.6,UPI/863596/SWIGGY
2024-11-21,4937.49,ATM CASH WITHDRAWAL HDFC ATM 54644
2024-01-20,3798.57,IMPS TRANSFER TO BIGBASKET 90339
2024-05-05,610.31,UPI/967028/SWIGGY
2024-05-27,824.74,NEFT TRANSFER TO SWIGGY 57014
2024-04-30,2581.41,ZOMATO IN TXN 71022
2024-08-01,2521.57,ATM CASH WITHDRAWAL SBI ATM 55403
2024-04-14,4053.02,IMPS TRANSFER TO NYKAA 96294
2024-11-04,3626.62,JIOMART DELHI TXN 99955
2024-08-19,3545.77,NEFT TRANSFER TO AIRINDIA 21238
2024-09-11,3788.5,ATM CASH WITHDRAWAL SBI ATM 66888
2024-03-21,2966.44,NEFT TRANSFER TO INDIAN OIL 30731
2024-04-21,1097.79,IRCTC DELHI TXN 94649
2024-04-11,2552.13,ATM CASH WITHDRAWAL ICICI ATM 47081
2024-02-05,3377.22,HPCL DELHI TXN 28394
2024-04-09,1615.39,ATM CASH WITHDRAWAL SBI ATM 50967
2024-04-24,1971.85,NEFT TRANSFER TO GOOGLE 79022
2024-06-03,4636.66,IMPS TRANSFER TO IRCTC 67955
2024-05-17,2067.73,NEFT TRANSFER TO MCDONALDS 77628
2024-07-28,968.77,NEFT TRANSFER TO HDFC BANK 22404
2024-03-25,958.98,IMPS TRANSFER TO FLIPKART 12335
2024-08-06,2482.07,ATM CASH WITHDRAWAL ICICI ATM 26736
2024-09-13,2938.74,IMPS TRANSFER TO HDFC BANK 91470
2024-08-16,4270.08,IMPS TRANSFER TO SHELL PETROL 77696
2024-12-23,4303.82,ATM CASH WITHDRAWAL ICICI ATM 13423
2024-11-18,4933.89,PHONEPE MUMBAI TXN 23947
2024-07-12,2745.93,IMPS TRANSFER TO NYKAA 39864
2024-09-06,4892.53,UPI/359539/FLIPKART
2024-05-12,1096.62,NEFT TRANSFER TO BOOKMYSHOW 89367
2024-11-10,3320.02,NEFT TRANSFER TO SHELL PETROL 87806
2024-07-12,4444.99,UPI/305058/OLA
2024-12-06,2643.9,ATM CASH WITHDRAWAL ICICI ATM 76511
2025-01-04,4667.16,UPI/201347/PAYTM
2024-07-08,122.95,MYNTRA IN TXN 74729
2024-04-13,2610.99,NEFT TRANSFER TO ZOMATO 21572
2024-07-15,2573.9,IMPS TRANSFER TO ICICI BANK 59176
2024-09-26,1912.35,ATM CASH WITHDRAWAL HDFC ATM 30767
2024-09-16,4939.52,IMPS TRANSFER TO PHONEPE 37829
2024-12-24,4335.93,OLA IN TXN 68309
2024-04-07,1043.96,KFC DELHI TXN 79875
2024-04-13,2354.16,ZOMATO IN TXN 88373
2024-12-12,1281.83,UBER MUMBAI TXN 32957
2024-10-13,2986.23,NEFT TRANSFER TO BIGBASKET 22034
2024-03-23,231.4,UPI/111960/HDFCBANK
2024-07-26,4825.83,BOOKMYSHOW MUMBAI TXN 86976
2024-12-13,4403.86,IMPS TRANSFER TO SWIGGY 44929
2024-06-18,2979.36,UPI/610916/BIGBASKET
2024-07-05,839.03,ATM CASH WITHDRAWAL HDFC ATM 96112
2024-12-06,4527.34,IMPS TRANSFER TO JIOMART 35332
2024-06-15,324.46,ATM CASH WITHDRAWAL HDFC ATM 37422
2024-09-28,3747.43,UPI/399663/NYKAA
2024-08-16,4051.96,UPI/501188/INDIANOIL
2024-07-23,4921.05,NEFT TRANSFER TO SHELL PETROL 18042
2024-07-11,682.04,JIOMART DELHI TXN 90993
2024-09-18,3954.24,IMPS TRANSFER TO UBER 85770
2024-11-02,1801.35,ATM CASH WITHDRAWAL ICICI ATM 35037
2024-10-02,2637.79,NEFT TRANSFER TO ZOMATO 94558
2024-05-24,838.56,UPI/571744/FLIPKART
2024-05-16,3065.21,PAYTM IN TXN 61836
2024-08-24,115.07,ATM CASH WITHDRAWAL ICICI ATM 35344
2024-02-10,1891.1,BIGBASKET MUMBAI TXN 72672
2024-12-21,211.61,IMPS TRANSFER TO MCDONALDS 46419
2024-02-05,3183.24,ATM CASH WITHDRAWAL SBI ATM 49123
2024-10-12,832.15,ATM CASH WITHDRAWAL SBI ATM 25737
2024-10-10,1181.61,ATM CASH WITHDRAWAL HDFC ATM 70755
2024-08-25,1365.36,OLA DELHI TXN 52429
2024-10-18,3580.8,UPI/246424/IRCTC
2024-05-21,1185.67,IMPS TRANSFER TO HPCL 21059
2024-01-05,2219.06,MCDONALDS DELHI TXN 59409
2024-10-26,4050.02,ATM CASH WITHDRAWAL HDFC ATM 74778
2024-05-13,4773.95,ICICI BANK DELHI TXN 94564
2024-10-29,1413.85,AIRINDIA MUMBAI TXN 71650
2024-09-21,2202.2,ATM CASH WITHDRAWAL ICICI ATM 34366
2024-11-16,1209.85,IMPS TRANSFER TO MAKEMYTRIP 66459
2024-08-09,4866.66,ATM CASH WITHDRAWAL ICICI ATM 88270
2024-08-04,3487.72,IMPS TRANSFER TO MAKEMYTRIP 46294
2024-04-30,3395.86,ATM CASH WITHDRAWAL SBI ATM 95977
2024-01-21,4510.25,IRCTC IN TXN 82798
2024-03-12,3510.11,NEFT TRANSFER TO IRCTC 69835
2024-07-30,3239.35,BIGBASKET IN TXN 83700
2024-12-25,1549.29,NEFT TRANSFER TO AIRINDIA 25821
2024-11-07,282.7,ATM CASH WITHDRAWAL SBI ATM 76928
2024-09-16,4205.11,NEFT TRANSFER TO IRCTC 96133
2024-03-29,4234.93,APPLE IN TXN 76777
2024-04-09,174.12,NEFT TRANSFER TO HDFC BANK 79156
2024-07-22,2056.21,NEFT TRANSFER TO AIRINDIA 93532
2024-12-15,3552.37,UPI/220279/HDFCBANK
2024-02-26,4424.05,NEFT TRANSFER TO APPLE 68285
2024-11-20,3179.19,NEFT TRANSFER TO SWIGGY 42536
2024-07-19,172.92,UBER DELHI TXN 11891
2024-12-26,570.21,NEFT TRANSFER TO HPCL 39878
2024-10-30,1293.91,KFC IN TXN 34140
2024-08-09,1333.13,IMPS TRANSFER TO ICICI BANK 15675
2024-10-31,2180.88,ATM CASH WITHDRAWAL HDFC ATM 67873
2024-04-15,1069.15,HPCL DELHI TXN 11076
2024-05-03,4074.89,ATM CASH WITHDRAWAL ICICI ATM 98350
2024-05-09,2769.2,UPI/243131/IRCTC
2024-09-19,3975.75,NEFT TRANSFER TO SWIGGY 77640
2024-04-22,4650.92,MYNTRA MUMBAI TXN 73695
2024-11-22,4379.79,UPI/435594/BOOKMYSHOW
2024-10-15,2990.02,IMPS TRANSFER TO BIGBASKET 59634
2024-03-17,4445.35,IMPS TRANSFER TO MAKEMYTRIP 43155
2024-08-29,1195.63,APPLE MUMBAI TXN 96119
2024-11-09,1175.74,IMPS TRANSFER TO SWIGGY 57191
2024-06-12,2316.35,NEFT TRANSFER TO MCDONALDS 47340
2024-12-08,3076.24,UPI/404697/DOMINOS
2024-04-08,154.7,NEFT TRANSFER TO PAYTM 37246
2024-06-27,4900.28,ATM CASH WITHDRAWAL ICICI ATM 63184
2024-10-22,1086.75,OLA MUMBAI TXN 32440
2024-01-29,421.7,NEFT TRANSFER TO DOMINOS 37582
2024-11-06,4731.47,ATM CASH WITHDRAWAL ICICI ATM 25222
2024-08-31,3965.18,BIGBASKET DELHI TXN 26301
2024-12-27,1258.11,NEFT TRANSFER TO PHONEPE 87173
2024-01-10,1948.03,ATM CASH WITHDRAWAL ICICI ATM 65739
2024-01-13,1108.41,ATM CASH WITHDRAWAL SBI ATM 51709
2024-11-05,3898.35,NEFT TRANSFER TO PAYTM 80920
2024-03-27,4496.66,MAKEMYTRIP MUMBAI TXN 93135
2024-07-06,457.46,IMPS TRANSFER TO JIOMART 76543
2024-11-30,1033.64,UPI/941174/ICICIBANK
2024-12-04,1112.0,IMPS TRANSFER TO OLA 91338
2024-05-10,3609.31,AMAZON IN TXN 98475
2024-08-21,3513.2,ATM CASH WITHDRAWAL SBI ATM 65601
2024-09-26,2755.58,ATM CASH WITHDRAWAL SBI ATM 97718
2024-05-25,4857.63,AIRINDIA MUMBAI TXN 66894
2024-05-16,4296.33,UPI/131111/MYNTRA
2024-05-21,2490.2,SWIGGY DELHI TXN 58765
2024-03-22,2998.81,AMAZON MUMBAI TXN 27231
2024-02-26,4571.12,UPI/814351/SWIGGY
2024-06-18,1430.6,KFC DELHI TXN 32773
2024-12-20,409.31,UPI/416164/AMAZON
2024-05-13,2010.52,NEFT TRANSFER TO HDFC BANK 27140
2024-04-05,3946.45,IMPS TRANSFER TO SHELL PETROL 94315
2024-04-06,4612.6,APPLE MUMBAI TXN 13897
2024-04-22,2548.2,UPI/259568/HPCL
2024-07-19,3459.11,ATM CASH WITHDRAWAL ICICI ATM 16904
2024-08-15,1341.49,NEFT TRANSFER TO AIRINDIA 14821
2024-09-02,4314.65,NEFT TRANSFER TO BOOKMYSHOW 45125
2024-04-03,2314.1,GOOGLE DELHI TXN 62792
2024-06-28,3439.85,IMPS TRANSFER TO MYNTRA 25503
2024-10-27,1671.22,ATM CASH WITHDRAWAL HDFC ATM 32207
2024-07-23,2204.89,UPI/912352/MAKEMYTRIP
2024-10-11,1976.58,NEFT TRANSFER TO ZOMATO 93118
2024-09-15,4837.23,UPI/598821/KFC
2024-12-04,412.9,NEFT TRANSFER TO SWIGGY 39541
2024-10-16,4896.24,NEFT TRANSFER TO AIRINDIA 67633
2024-11-22,2845.86,UPI/756614/UBER
2024-05-31,4170.88,IMPS TRANSFER TO APPLE 62339
2025-01-01,2265.78,ATM CASH WITHDRAWAL SBI ATM 68873
2024-12-15,1950.27,ATM CASH WITHDRAWAL HDFC ATM 63063
2024-09-06,3309.94,OLA IN TXN 66205
2024-09-27,3694.52,MCDONALDS IN TXN 13330
2024-10-15,1381.15,UPI/782691/MCDONALDS
2024-06-23,2348.47,IMPS TRANSFER TO ZOMATO 77387
2024-09-03,4405.09,UPI/693145/IRCTC
2024-04-21,3855.49,IMPS TRANSFER TO JIOMART 87555
2024-04-01,745.61,NEFT TRANSFER TO KFC 97366
2024-12-31,117.25,UPI/134104/MAKEMYTRIP
2024-05-13,3106.99,NEFT TRANSFER TO AMAZON 40650
2024-01-15,4480.88,ATM CASH WITHDRAWAL SBI ATM 35585
2024-04-26,2380.96,GOOGLE DELHI TXN 12971
2024-09-02,4937.73,PAYTM DELHI TXN 78705
2024-02-21,386.79,OLA MUMBAI TXN 91216
2024-02-21,4924.7,NEFT TRANSFER TO DOMINOS 50029
2024-11-26,3849.97,NEFT TRANSFER TO AMAZON 22369
2024-06-17,1614.26,UPI/672644/BOOKMYSHOW
2024-08-31,4074.1,UPI/955036/PAYTM
2024-08-17,1754.02,ATM CASH WITHDRAWAL ICICI ATM 40537
2024-01-21,3584.83,OLA MUMBAI TXN 61216
2024-12-01,341.44,MAKEMYTRIP MUMBAI TXN 19410
2024-05-13,1547.07,IMPS TRANSFER TO BOOKMYSHOW 12798
2024-04-13,1144.8,NEFT TRANSFER TO PAYTM 70713
2024-11-01,1004.54,HDFC BANK DELHI TXN 81297
2024-05-31,1946.13,IMPS TRANSFER TO PAYTM 86245
2024-06-22,1744.68,NEFT TRANSFER TO OLA 62897
2024-10-07,3815.8,IMPS TRANSFER TO NYKAA 91588
2024-07-09,4051.03,UPI/358961/JIOMART
2024-06-20,1525.13,UPI/402547/HPCL
2024-10-10,2172.42,ZOMATO DELHI TXN 12703
2024-01-24,3224.46,IMPS TRANSFER TO FLIPKART 86625
2024-09-28,4112.09,ATM CASH WITHDRAWAL HDFC ATM 88313
2024-11-18,1271.18,INDIAN OIL DELHI TXN 91824
2024-03-28,105.59,IMPS TRANSFER TO SHELL PETROL 68265
2024-09-09,127.59,UBER IN TXN 65132
2024-01-24,546.75,UPI/951634/NYKAA
2024-05-25,4757.82,UPI/388737/UBER
2024-04-24,2588.84,BOOKMYSHOW MUMBAI TXN 30461
2024-03-20,1138.03,ATM CASH WITHDRAWAL HDFC ATM 69568
2024-10-24,947.68,UPI/506370/FLIPKART
2024-04-05,1163.52,ATM CASH WITHDRAWAL HDFC ATM 84192
2024-04-06,4750.41,UPI/394737/HPCL
2024-04-27,2448.85,IMPS TRANSFER TO ICICI BANK 57357
2025-01-01,1182.7,NEFT TRANSFER TO MAKEMYTRIP 73719
2024-07-13,2047.82,NEFT TRANSFER TO ZOMATO 26730
2025-01-04,4213.92,ATM CASH WITHDRAWAL SBI ATM 17743
2024-06-03,3411.17,NEFT TRANSFER TO MAKEMYTRIP 13616
2024-06-06,4932.6,IMPS TRANSFER TO INDIAN OIL 54146
2024-11-09,4701.4,NEFT TRANSFER TO PHONEPE 28546
2024-01-12,2034.68,UPI/115875/KFC
2024-04-15,3745.44,GOOGLE DELHI TXN 44485
2024-05-20,1499.96,IMPS TRANSFER TO PHONEPE 11426
2024-01-30,2048.09,IMPS TRANSFER TO DOMINOS 14056
2024-03-05,1061.33,UPI/334731/BOOKMYSHOW
2024-10-26,1424.09,IMPS TRANSFER TO OLA 61531
2024-12-20,2735.27,ATM CASH WITHDRAWAL HDFC ATM 75027
2024-11-08,1986.17,APPLE MUMBAI TXN 82842
2024-07-13,66.47,ATM CASH WITHDRAWAL ICICI ATM 74242
2024-10-04,2877.74,NEFT TRANSFER TO NYKAA 45265
2024-02-04,906.91,ATM CASH WITHDRAWAL ICICI ATM 72193
2024-08-15,2422.37,UPI/291087/ZOMATO
2024-07-25,3415.33,IMPS TRANSFER TO ICICI BANK 34348
2024-08-15,3433.27,NEFT TRANSFER TO MCDONALDS 40485
2024-09-03,1432.4,HPCL DELHI TXN 20479
2024-02-06,902.24,IMPS TRANSFER TO KFC 12882
2024-02-16,1212.11,NEFT TRANSFER TO ZOMATO 85920
2024-04-24,4207.43,NEFT TRANSFER TO IRCTC 36792
2024-12-25,1314.03,NYKAA MUMBAI TXN 24340
2024-07-14,3198.03,UPI/452995/GOOGLE
2024-03-24,1308.1,NEFT TRANSFER TO ICICI BANK 16952
2024-11-30,1533.42,IMPS TRANSFER TO JIOMART 80318
2024-09-09,1719.53,NEFT TRANSFER TO HPCL 85757
2024-08-10,441.32,ATM CASH WITHDRAWAL HDFC ATM 21716
2024-12-05,3430.54,UPI/979028/PHONEPE
2024-03-08,3627.59,ATM CASH WITHDRAWAL SBI ATM 59011
2024-08-09,2992.32,UPI/601065/JIOMART
2024-10-18,3977.41,FLIPKART IN TXN 31014
2024-12-28,4018.56,ATM CASH WITHDRAWAL SBI ATM 59604
2024-08-06,499.38,ICICI BANK MUMBAI TXN 25428
2024-04-24,4046.67,ATM CASH WITHDRAWAL HDFC ATM 50067
2024-04-08,4526.55,UBER IN TXN 97365
2024-11-16,796.66,ATM CASH WITHDRAWAL HDFC ATM 58521
2024-05-31,4862.97,ATM CASH WITHDRAWAL HDFC ATM 66443
2024-09-20,3781.47,NEFT TRANSFER TO HDFC BANK 51324
2024-02-04,4623.56,SHELL PETROL MUMBAI TXN 95317
2024-11-16,4023.49,AIRINDIA MUMBAI TXN 97744
2024-02-29,4374.48,ATM CASH WITHDRAWAL SBI ATM 88012
2024-05-18,4143.97,ATM CASH WITHDRAWAL HDFC ATM 60301
2024-09-27,1870.85,IMPS TRANSFER TO PHONEPE 79475
2024-09-05,1248.52,ATM CASH WITHDRAWAL SBI ATM 41702
2024-05-15,3369.56,SHELL PETROL MUMBAI TXN 92239
2024-04-10,114.1,OLA MUMBAI TXN 10567
2024-05-19,4163.13,ATM CASH WITHDRAWAL HDFC ATM 13497
2024-07-07,4095.09,NEFT TRANSFER TO AIRINDIA 62118
2024-03-22,4333.93,UPI/347134/UBER
2024-02-29,3742.43,IMPS TRANSFER TO BIGBASKET 12993
2024-09-26,2119.82,MAKEMYTRIP DELHI TXN 16242
2024-08-10,803.7,NEFT TRANSFER TO BIGBASKET 18254
2025-01-04,371.54,UPI/926366/JIOMART
2024-09-05,1313.48,PAYTM DELHI TXN 27970
2024-11-09,1550.43,IMPS TRANSFER TO DOMINOS 81055
2024-08-01,1087.13,ATM CASH WITHDRAWAL ICICI ATM 42871
2024-12-19,2262.31,ATM CASH WITHDRAWAL SBI ATM 54215
2024-05-06,3638.94,NEFT TRANSFER TO GOOGLE 87658
2024-04-15,3637.92,HPCL MUMBAI TXN 49678
2024-11-22,240.83,ATM CASH WITHDRAWAL SBI ATM 35216
2024-11-28,4217.4,NEFT TRANSFER TO KFC 22866
2024-04-24,1070.71,UPI/250907/ZOMATO
2024-11-21,1300.84,UPI/183194/KFC
2024-07-18,3065.44,UBER IN TXN 33513
2024-11-12,1990.61,ZOMATO MUMBAI TXN 78960
2024-02-22,4009.99,UPI/557635/NYKAA
2024-04-25,4056.15,MAKEMYTRIP IN TXN 14313
2024-02-26,901.5,IMPS TRANSFER TO HDFC BANK 74975
2024-10-25,1749.06,MCDONALDS MUMBAI TXN 19250
2024-07-09,4012.51,UPI/186123/BOOKMYSHOW
2024-07-12,2627.24,UPI/301612/HPCL
2024-08-15,542.04,PAYTM MUMBAI TXN 14765
2024-12-29,2184.68,NEFT TRANSFER TO AIRINDIA 32138
2024-01-16,1257.32,NEFT TRANSFER TO GOOGLE 59246
2024-01-11,2588.62,ATM CASH WITHDRAWAL ICICI ATM 48322
2024-07-01,531.9,UPI/745395/UBER
2024-08-03,2534.48,NEFT TRANSFER TO FLIPKART 82589
2024-02-02,4126.41,IMPS TRANSFER TO KFC 63280
2024-06-19,884.53,IMPS TRANSFER TO INDIAN OIL 25663
2024-06-03,4579.61,IMPS TRANSFER TO UBER 39911
2025-01-04,1012.78,UPI/826994/AMAZON
2024-08-09,863.75,IMPS TRANSFER TO PAYTM 68320
2024-04-26,1874.89,UPI/552065/ICICIBANK
2024-03-25,1202.72,NEFT TRANSFER TO JIOMART 95219
2024-04-16,192.92,NEFT TRANSFER TO NYKAA 77273
2024-05-18,1763.45,UPI/480456/AMAZON
2024-07-13,561.11,ATM CASH WITHDRAWAL ICICI ATM 44794
2024-08-06,3108.77,NEFT TRANSFER TO ICICI BANK 56229
2024-01-11,1313.99,IMPS TRANSFER TO MYNTRA 34316
2024-07-27,1322.79,BIGBASKET DELHI TXN 94953
2024-08-14,3653.84,ATM CASH WITHDRAWAL ICICI ATM 85605
2024-04-01,812.7,IMPS TRANSFER TO FLIPKART 36972
2024-01-30,200.38,PAYTM DELHI TXN 72072
2024-12-28,4892.52,NEFT TRANSFER TO APPLE 28912
2024-11-21,4467.55,IMPS TRANSFER TO IRCTC 78224
2024-07-16,337.93,IMPS TRANSFER TO ICICI BANK 30026
2024-03-30,4193.12,ATM CASH WITHDRAWAL SBI ATM 84766
2024-11-02,385.25,ATM CASH WITHDRAWAL SBI ATM 91405
2024-03-08,4509.67,AMAZON IN TXN 92451
2024-03-15,4116.03,NEFT TRANSFER TO SWIGGY 37432
2024-02-05,4961.96,ATM CASH WITHDRAWAL HDFC ATM 94564
2024-07-09,4703.73,IMPS TRANSFER TO SWIGGY 31479
2024-11-03,4251.96,GOOGLE MUMBAI TXN 17584
2024-01-24,1974.08,UPI/384127/INDIANOIL
2024-05-25,2939.94,NEFT TRANSFER TO AMAZON 83528
2024-07-30,1995.84,IMPS TRANSFER TO ZOMATO 35818
2024-03-25,681.8,IMPS TRANSFER TO ZOMATO 54708
2024-01-07,3972.88,ATM CASH WITHDRAWAL ICICI ATM 52085
2024-10-01,55.59,UPI/797208/ICICIBANK
2024-12-30,4100.63,ATM CASH WITHDRAWAL SBI ATM 51144
2024-05-05,3217.27,DOMINOS IN TXN 81557
2024-12-09,4566.41,IMPS TRANSFER TO HDFC BANK 80151
2024-05-22,191.63,IMPS TRANSFER TO NYKAA 76576
2024-01-15,3956.5,UPI/565240/NYKAA
2024-12-25,4890.31,NEFT TRANSFER TO KFC 34477
2024-08-19,2494.73,OLA IN TXN 69736
2024-10-13,3728.94,NEFT TRANSFER TO UBER 20916
2024-02-15,563.02,MAKEMYTRIP IN TXN 40485
2024-01-15,2544.12,UPI/285874/BOOKMYSHOW
2024-06-11,828.58,MYNTRA MUMBAI TXN 95882
2024-03-19,2339.54,IMPS TRANSFER TO PAYTM 38455
2024-12-24,4549.47,ATM CASH WITHDRAWAL HDFC ATM 65362
2024-02-12,1673.82,NEFT TRANSFER TO ZOMATO 80860
2024-01-24,1188.02,IMPS TRANSFER TO INDIAN OIL 93314
2024-03-12,3098.95,ATM CASH WITHDRAWAL HDFC ATM 52426
2024-05-16,4665.69,ZOMATO IN TXN 19420
2024-08-01,1607.98,NEFT TRANSFER TO KFC 42199
2024-07-28,2784.1,IMPS TRANSFER TO FLIPKART 29027
2024-09-23,667.97,UPI/813605/ZOMATO
2024-01-10,1478.52,IMPS TRANSFER TO HPCL 51480
2024-03-01,4528.53,UPI/161114/ZOMATO
2024-06-08,3758.81,NEFT TRANSFER TO APPLE 68454
2024-10-04,4179.32,NEFT TRANSFER TO MCDONALDS 44129
2024-03-04,545.96,ATM CASH WITHDRAWAL SBI ATM 30490
2024-04-19,4737.98,UPI/351803/MCDONALDS
2024-12-16,4014.8,ATM CASH WITHDRAWAL HDFC ATM 74713
2024-11-07,1071.32,AIRINDIA IN TXN 31989
2024-03-29,1284.78,NEFT TRANSFER TO ICICI BANK 41419
2024-05-30,272.58,HPCL IN TXN 57552
2024-02-21,3854.43,JIOMART IN TXN 76297
2024-08-02,1713.79,IRCTC IN TXN 32227
2024-09-06,142.45,AIRINDIA DELHI TXN 32163
2024-05-09,332.02,ICICI BANK DELHI TXN 78568
2024-04-20,2219.41,ATM CASH WITHDRAWAL ICICI ATM 86672
2024-12-29,500.29,ATM CASH WITHDRAWAL ICICI ATM 63517
2024-02-10,2012.0,UPI/594398/FLIPKART
2024-06-13,596.17,NEFT TRANSFER TO HPCL 23212
2024-11-28,350.46,NEFT TRANSFER TO DOMINOS 53258
2024-06-18,2350.32,BIGBASKET IN TXN 15538
2024-04-02,1959.56,UPI/636020/KFC
2024-04-13,4615.96,IMPS TRANSFER TO BIGBASKET 86280
2024-11-28,1974.83,ATM CASH WITHDRAWAL SBI ATM 17291
2024-04-21,1479.88,IMPS TRANSFER TO UBER 11037
2024-11-26,1829.83,NEFT TRANSFER TO MYNTRA 55082
2024-12-25,4479.01,UPI/686301/ICICIBANK
2024-12-01,2610.6,IMPS TRANSFER TO DOMINOS 72122
2024-10-31,1559.21,ATM CASH WITHDRAWAL HDFC ATM 24200
2024-09-15,4697.6,UPI/103798/KFC
2024-01-15,1448.22,ATM CASH WITHDRAWAL ICICI ATM 36291
2024-05-12,4398.26,JIOMART MUMBAI TXN 94825
2024-11-10,4692.95,MYNTRA IN TXN 49390
2024-06-24,2199.6,GOOGLE DELHI TXN 49693
2024-10-08,2072.54,MYNTRA MUMBAI TXN 52259
2024-06-26,3336.18,FLIPKART MUMBAI TXN 59989
2024-10-08,2528.84,IMPS TRANSFER TO PHONEPE 40476
2024-05-15,3620.97,UPI/555335/FLIPKART
2024-03-06,4789.13,IMPS TRANSFER TO HDFC BANK 10325
2024-04-08,2424.84,ATM CASH WITHDRAWAL ICICI ATM 84308
2024-11-12,3240.0,UPI/326777/IRCTC
2024-03-05,4457.18,IMPS TRANSFER TO SWIGGY 88431
2024-01-15,1174.84,NEFT TRANSFER TO BOOKMYSHOW 73584
2024-10-28,3755.56,UPI/210663/PHONEPE
2024-08-01,1530.79,IMPS TRANSFER TO SWIGGY 33412
2024-07-23,781.32,IMPS TRANSFER TO SWIGGY 63372
2024-02-03,2096.76,IMPS TRANSFER TO HDFC BANK 94612
2024-08-11,1924.19,NEFT TRANSFER TO BIGBASKET 85204
2024-04-13,1223.48,IMPS TRANSFER TO IRCTC 47483
2024-05-05,4022.64,UPI/693752/FLIPKART
2024-06-18,1094.26,UPI/343652/AIRINDIA
2024-07-31,720.3,IMPS TRANSFER TO ZOMATO 48053
2024-01-24,515.13,SHELL PETROL MUMBAI TXN 62515
2024-02-27,690.83,ATM CASH WITHDRAWAL SBI ATM 99310
2024-02-24,3663.8,NEFT TRANSFER TO IRCTC 75870
2024-10-09,2094.53,ATM CASH WITHDRAWAL HDFC ATM 91927
2024-01-08,4861.37,ATM CASH WITHDRAWAL ICICI ATM 16312
2024-06-28,3849.1,NEFT TRANSFER TO PHONEPE 40145
2024-09-05,4662.52,ATM CASH WITHDRAWAL ICICI ATM 99245
2024-10-01,509.43,ATM CASH WITHDRAWAL HDFC ATM 65144
2024-09-07,3195.92,IMPS TRANSFER TO INDIAN OIL 74108
2024-11-15,1731.9,NEFT TRANSFER TO UBER 38331
2024-06-24,4672.37,MCDONALDS DELHI TXN 66645
2025-01-02,4820.17,UPI/382963/BIGBASKET
2024-08-18,4189.67,NEFT TRANSFER TO GOOGLE 79604
2024-10-27,4804.29,ATM CASH WITHDRAWAL HDFC ATM 19296
2024-08-26,1740.42,NEFT TRANSFER TO IRCTC 82050
2024-04-28,424.48,JIOMART MUMBAI TXN 34895
2024-09-11,134.67,IMPS TRANSFER TO GOOGLE 52207
2024-01-12,3113.81,NEFT TRANSFER TO MYNTRA 78181
2024-10-20,2405.82,ATM CASH WITHDRAWAL SBI ATM 65961
2024-05-16,4214.79,ATM CASH WITHDRAWAL SBI ATM 69876
2024-12-31,648.51,ICICI BANK IN TXN 69159
2024-07-17,1700.09,NEFT TRANSFER TO PAYTM 11626
2024-03-28,4639.22,IMPS TRANSFER TO NYKAA 93701
2024-06-09,4814.57,NEFT TRANSFER TO AIRINDIA 96873
2024-06-06,3610.04,ATM CASH WITHDRAWAL ICICI ATM 70181
2024-04-11,195.28,NEFT TRANSFER TO INDIAN OIL 19642
2024-02-23,3486.25,NEFT TRANSFER TO UBER 37972
2024-02-18,4519.25,UPI/140384/DOMINOS
2024-03-01,4634.62,ATM CASH WITHDRAWAL HDFC ATM 66448
2024-08-13,2175.43,NEFT TRANSFER TO OLA 40578
2024-08-07,4673.88,UPI/288820/SWIGGY
2024-03-17,3593.87,IMPS TRANSFER TO ZOMATO 92367
2025-01-04,3823.95,NEFT TRANSFER TO OLA 50595
2024-11-26,2737.12,ATM CASH WITHDRAWAL HDFC ATM 38302
2024-06-28,1617.1,NEFT TRANSFER TO IRCTC 15868
2024-05-17,2267.84,UPI/997576/PAYTM
2024-04-17,4079.97,ATM CASH WITHDRAWAL ICICI ATM 86318
2024-03-11,4581.64,UPI/967315/ZOMATO
2024-11-02,2629.93,MAKEMYTRIP DELHI TXN 54765
2024-07-24,4655.95,MYNTRA IN TXN 27102
2024-12-30,2471.4,IMPS TRANSFER TO PHONEPE 32793
2024-04-24,893.92,INDIAN OIL DELHI TXN 36521
2024-01-29,213.71,IMPS TRANSFER TO NYKAA 21517
2024-08-24,4540.83,ATM CASH WITHDRAWAL ICICI ATM 95940
2024-11-17,3234.52,ATM CASH WITHDRAWAL ICICI ATM 95011
2024-01-23,2269.96,IMPS TRANSFER TO DOMINOS 89350
2024-05-23,3976.15,NYKAA IN TXN 56604
2024-05-16,4404.54,ATM CASH WITHDRAWAL ICICI ATM 11365
2024-10-27,4100.84,NEFT TRANSFER TO AMAZON 59575
2024-10-16,2595.0,NEFT TRANSFER TO NYKAA 21355
2024-10-16,3761.75,MYNTRA MUMBAI TXN 11954
2024-06-23,2644.87,IMPS TRANSFER TO AMAZON 24560
2024-05-14,3537.3,ATM CASH WITHDRAWAL HDFC ATM 68013
2024-11-20,4077.2,UPI/691815/INDIANOIL
2024-05-09,1790.94,UPI/165037/APPLE
2024-06-21,2307.2,IMPS TRANSFER TO INDIAN OIL 31405
2024-02-09,2154.99,IMPS TRANSFER TO JIOMART 73928
2024-05-01,3493.36,ATM CASH WITHDRAWAL SBI ATM 51003
2024-09-20,3038.5,UPI/456791/IRCTC
2024-03-13,1157.99,NEFT TRANSFER TO MCDONALDS 97570
2024-06-24,2611.54,ATM CASH WITHDRAWAL SBI ATM 94298
2024-04-15,4459.97,UPI/652017/ICICIBANK
2024-05-16,3302.01,IMPS TRANSFER TO ZOMATO 51826
2024-10-12,4739.43,NEFT TRANSFER TO PAYTM 81882
2024-01-30,3169.18,UPI/353487/HPCL
2024-04-07,1702.97,NEFT TRANSFER TO APPLE 14349
2024-10-03,4434.04,NEFT TRANSFER TO GOOGLE 43387
2024-05-26,918.86,IMPS TRANSFER TO APPLE 38593
2024-06-22,3269.66,MYNTRA IN TXN 94452
2024-09-15,3326.75,ATM CASH WITHDRAWAL SBI ATM 32411
2024-08-22,1431.1,IMPS TRANSFER TO MYNTRA 50333
2024-01-20,4936.51,ATM CASH WITHDRAWAL HDFC ATM 34292
2024-11-15,4115.53,IMPS TRANSFER TO SWIGGY 40613
2024-08-22,2023.53,UPI/868785/MCDONALDS
2024-03-21,3108.12,NEFT TRANSFER TO KFC 73860
2024-04-03,820.78,ATM CASH WITHDRAWAL HDFC ATM 76791
2024-11-11,4439.24,APPLE DELHI TXN 69287
2024-12-12,2208.87,ATM CASH WITHDRAWAL SBI ATM 48438
2024-04-01,672.65,ICICI BANK DELHI TXN 67284
2024-06-02,129.16,AIRINDIA IN TXN 36217
2024-08-22,2632.26,ATM CASH WITHDRAWAL SBI ATM 24700
2024-12-14,1855.69,NYKAA DELHI TXN 11969
2024-01-27,746.97,PHONEPE IN TXN 52727
2024-06-25,3714.02,UPI/670647/AIRINDIA
2024-03-19,2331.23,UPI/811096/APPLE
2024-08-26,237.88,NEFT TRANSFER TO ICICI BANK 16559
2024-04-19,2362.12,UPI/371204/ICICIBANK
2024-02-25,3740.74,NEFT TRANSFER TO IRCTC 29176
2024-10-06,3951.66,IMPS TRANSFER TO HDFC BANK 32127
2024-02-09,3123.9,SWIGGY IN TXN 57791
2024-05-23,4459.75,NEFT TRANSFER TO GOOGLE 75262
2024-09-15,409.09,NEFT TRANSFER TO SHELL PETROL 21261
2024-02-10,3679.72,BOOKMYSHOW IN TXN 28760
2024-08-31,2137.79,ATM CASH WITHDRAWAL SBI ATM 12994
2024-02-04,4985.17,UPI/755935/OLA
2024-10-10,1292.23,ATM CASH WITHDRAWAL ICICI ATM 44599
2024-03-21,2393.89,NEFT TRANSFER TO BIGBASKET 25465
2024-11-07,4343.43,UPI/108421/OLA
2024-04-29,4698.64,ATM CASH WITHDRAWAL HDFC ATM 70317
2024-01-03,2168.72,IMPS TRANSFER TO ZOMATO 21656
2024-08-08,3894.13,HPCL IN TXN 88331
2024-07-29,1806.3,SHELL PETROL DELHI TXN 38012
2024-05-05,134.85,NYKAA IN TXN 27634
2024-12-26,3509.65,IMPS TRANSFER TO DOMINOS 27251
2024-12-30,4844.32,ATM CASH WITHDRAWAL HDFC ATM 56462
2024-05-23,4041.81,NEFT TRANSFER TO INDIAN OIL 72960
2024-03-21,1930.64,ATM CASH WITHDRAWAL SBI ATM 33173
2024-12-18,3041.78,UPI/246836/UBER
2024-02-24,4233.07,UPI/791140/KFC
2024-09-16,1022.02,NEFT TRANSFER TO HDFC BANK 97584
2024-09-01,647.09,AMAZON DELHI TXN 20459
2024-12-13,1508.37,ATM CASH WITHDRAWAL SBI ATM 22364
2024-01-12,3817.11,UPI/155986/BIGBASKET
2024-10-15,1399.99,JIOMART IN TXN 34119
2024-10-10,3690.2,JIOMART MUMBAI TXN 19104
2024-04-13,4652.75,UPI/653648/BOOKMYSHOW
2024-03-18,4266.83,IMPS TRANSFER TO APPLE 72283
2024-05-31,2770.28,AMAZON DELHI TXN 89576
2024-07-10,2867.99,IMPS TRANSFER TO PHONEPE 86951
2024-06-17,871.36,UPI/802671/AIRINDIA
2024-10-09,4575.95,ATM CASH WITHDRAWAL SBI ATM 38172
2024-03-20,3111.36,NEFT TRANSFER TO APPLE 60436
2024-07-31,2982.22,NEFT TRANSFER TO GOOGLE 63545
2024-10-03,2064.59,UPI/279381/INDIANOIL
2024-04-18,995.56,UPI/302611/APPLE
2024-01-11,265.28,UPI/968012/HDFCBANK
2024-11-05,1140.4,NEFT TRANSFER TO HPCL 87398
2024-06-16,901.69,BOOKMYSHOW MUMBAI TXN 86939
2024-09-22,4378.93,ATM CASH WITHDRAWAL HDFC ATM 57346
2024-02-17,4578.02,UPI/799930/BOOKMYSHOW
2024-12-20,4553.83,UPI/772690/MYNTRA
2024-02-08,2342.34,UPI/282933/SHELLPETROL
2024-07-18,1966.59,UPI/122876/KFC
2024-09-17,4608.78,ATM CASH WITHDRAWAL ICICI ATM 12126
2024-12-25,1055.02,UPI/382448/NYKAA
2024-02-23,2050.82,APPLE MUMBAI TXN 42522
2024-07-23,838.57,IMPS TRANSFER TO JIOMART 32012
2024-03-20,3277.27,UPI/650814/HDFCBANK
2024-09-05,2669.98,SWIGGY DELHI TXN 44825
2024-05-11,1026.04,ATM CASH WITHDRAWAL SBI ATM 85895
2024-11-01,4136.27,IMPS TRANSFER TO HDFC BANK 25596
2024-02-20,743.85,ATM CASH WITHDRAWAL SBI ATM 72809
2024-05-20,4307.94,ATM CASH WITHDRAWAL ICICI ATM 16630
2024-05-24,835.41,NEFT TRANSFER TO SHELL PETROL 97654
2024-03-29,1585.12,IMPS TRANSFER TO BIGBASKET 71172
2024-02-24,2621.11,UPI/136927/JIOMART
2024-08-18,4093.01,IMPS TRANSFER TO SHELL PETROL 71989
2024-06-20,365.8,IMPS TRANSFER TO UBER 62364
2024-08-23,3033.9,ATM CASH WITHDRAWAL HDFC ATM 45105
2024-11-02,2424.53,ATM CASH WITHDRAWAL SBI ATM 44679
2024-07-13,3287.05,ATM CASH WITHDRAWAL HDFC ATM 30534
2024-06-04,4168.34,ATM CASH WITHDRAWAL ICICI ATM 83193
2024-09-21,4900.99,IMPS TRANSFER TO GOOGLE 50284
2024-01-11,2239.24,IMPS TRANSFER TO MYNTRA 84280
2024-09-16,1392.29,SHELL PETROL DELHI TXN 33286
2024-11-12,3708.98,FLIPKART MUMBAI TXN 23097
2024-11-15,3951.52,UPI/347700/GOOGLE
2024-03-24,1187.66,UPI/136707/BIGBASKET
2024-04-25,2784.19,UPI/699294/OLA
2024-06-21,2222.24,NEFT TRANSFER TO SWIGGY 66094
2024-06-08,3512.44,IMPS TRANSFER TO GOOGLE 75762
2024-03-10,1291.16,APPLE IN TXN 15683
2024-10-25,242.75,UPI/760551/DOMINOS
2024-11-10,450.08,NEFT TRANSFER TO HPCL 67737
2024-04-04,3930.31,IMPS TRANSFER TO HPCL 94514
2024-01-03,1849.17,IMPS TRANSFER TO ICICI BANK 21966
2024-05-24,1911.74,UPI/516154/FLIPKART
2024-09-05,1317.41,UPI/199524/PAYTM
2024-11-09,653.12,NEFT TRANSFER TO MCDONALDS 17265
2024-11-04,3640.17,SWIGGY IN TXN 84080
2024-08-31,4882.4,ATM CASH WITHDRAWAL HDFC ATM 55746
2024-02-11,4498.44,IMPS TRANSFER TO SWIGGY 42241
2024-06-30,3990.33,NEFT TRANSFER TO FLIPKART 55174
2024-11-24,847.96,IMPS TRANSFER TO ZOMATO 69209
2024-06-28,1927.29,NEFT TRANSFER TO OLA 20540
2024-10-12,2991.96,NEFT TRANSFER TO GOOGLE 49017
2024-07-03,3314.24,NEFT TRANSFER TO JIOMART 46230
2024-11-02,2566.05,NEFT TRANSFER TO AMAZON 12289
2024-08-02,3170.17,ATM CASH WITHDRAWAL HDFC ATM 29629
2024-01-24,4157.56,IMPS TRANSFER TO SHELL PETROL 21743
2024-09-12,3354.82,NEFT TRANSFER TO ICICI BANK 13021
2025-01-02,3597.94,IMPS TRANSFER TO SWIGGY 16557
2024-02-28,2448.94,UPI/461935/AMAZON
2024-07-11,3338.97,IMPS TRANSFER TO AMAZON 26970
2024-08-02,2134.29,IMPS TRANSFER TO PAYTM 59284
2024-12-06,3342.12,SWIGGY MUMBAI TXN 17480
2024-06-14,3447.68,IRCTC DELHI TXN 94166
2024-07-17,4543.03,UPI/622021/MCDONALDS
2024-10-27,1649.79,NYKAA MUMBAI TXN 57890
2024-09-14,1662.12,ATM CASH WITHDRAWAL HDFC ATM 86657
2024-07-23,4599.01,NEFT TRANSFER TO JIOMART 10057
2024-08-30,813.22,ATM CASH WITHDRAWAL ICICI ATM 36210
2024-12-24,472.72,ATM CASH WITHDRAWAL ICICI ATM 33300
2024-06-16,4230.98,UPI/193610/HDFCBANK
2024-12-15,65.92,IMPS TRANSFER TO BIGBASKET 61081
2025-01-01,1328.34,ATM CASH WITHDRAWAL SBI ATM 98843
2024-11-30,227.72,APPLE DELHI TXN 68431
2024-11-23,4952.17,IMPS TRANSFER TO JIOMART 36930
2025-01-01,3789.18,MAKEMYTRIP DELHI TXN 30105
2024-03-06,2518.68,ATM CASH WITHDRAWAL SBI ATM 84933
2024-09-08,1706.91,NEFT TRANSFER TO UBER 80667
2024-06-21,4811.37,NEFT TRANSFER TO BIGBASKET 45951
2024-09-15,3338.65,ATM CASH WITHDRAWAL HDFC ATM 27035
2024-02-13,1972.17,IMPS TRANSFER TO ZOMATO 82809
2024-04-28,1977.02,ATM CASH WITHDRAWAL SBI ATM 37989
2024-09-04,4066.56,ATM CASH WITHDRAWAL SBI ATM 65825
2024-09-20,124.56,KFC DELHI TXN 50355
2024-09-01,4676.34,ATM CASH WITHDRAWAL SBI ATM 34228
2024-12-02,1686.03,NEFT TRANSFER TO GOOGLE 86629
2024-04-15,2976.35,IMPS TRANSFER TO JIOMART 78381
2024-06-12,4087.71,ATM CASH WITHDRAWAL SBI ATM 29422
2024-09-06,4647.89,NEFT TRANSFER TO KFC 10392
2024-01-19,1653.67,UPI/107513/ICICIBANK
2024-10-03,1244.79,IMPS TRANSFER TO PHONEPE 65477
2024-06-16,731.48,ATM CASH WITHDRAWAL HDFC ATM 74613
2024-07-28,150.92,IMPS TRANSFER TO UBER 15896
2024-06-26,2162.52,NEFT TRANSFER TO PHONEPE 49740
2024-07-27,3579.26,IMPS TRANSFER TO APPLE 25917
2024-09-01,555.49,UPI/888091/MAKEMYTRIP
2024-12-13,3257.92,NEFT TRANSFER TO INDIAN OIL 29149
2024-06-25,1622.63,UPI/381875/AIRINDIA
2024-08-26,4658.54,IMPS TRANSFER TO OLA 61490
2024-05-28,1745.88,NEFT TRANSFER TO FLIPKART 93594
2024-05-11,4950.68,UPI/623370/DOMINOS
2024-04-02,2489.42,ATM CASH WITHDRAWAL SBI ATM 65059
2024-10-22,4173.89,ATM CASH WITHDRAWAL HDFC ATM 40733
2024-04-30,1260.86,UPI/568170/MAKEMYTRIP
2024-04-06,4676.91,NEFT TRANSFER TO DOMINOS 39106
2024-09-06,531.96,UPI/874929/MCDONALDS
2024-10-22,606.13,UPI/292149/MAKEMYTRIP
2024-03-20,4305.34,IMPS TRANSFER TO UBER 76973
2024-11-23,116.83,ATM CASH WITHDRAWAL HDFC ATM 70216
2024-05-08,4108.98,AMAZON IN TXN 47077
2024-06-17,2005.24,IMPS TRANSFER TO HDFC BANK 86181
2024-01-31,4060.23,NEFT TRANSFER TO OLA 93833
2024-02-07,384.93,NYKAA DELHI TXN 24124
2024-05-03,2156.31,IMPS TRANSFER TO INDIAN OIL 20383
2024-02-29,2421.67,AMAZON MUMBAI TXN 37059
2024-02-16,3249.08,PHONEPE MUMBAI TXN 33263
2024-11-01,2504.22,ATM CASH WITHDRAWAL SBI ATM 79714
2024-09-23,2233.39,IMPS TRANSFER TO OLA 30249
2024-09-08,493.07,ATM CASH WITHDRAWAL SBI ATM 66988
2024-04-01,4419.23,UPI/396553/AMAZON
2024-01-31,1415.52,ATM CASH WITHDRAWAL SBI ATM 53708
2024-10-12,2275.78,UPI/736848/KFC
2024-10-29,4054.59,NEFT TRANSFER TO NYKAA 54243
2024-03-25,678.65,UPI/773744/HPCL
2024-09-29,3611.09,FLIPKART DELHI TXN 29036
2024-09-29,1270.84,BOOKMYSHOW IN TXN 32073
2024-12-09,1126.37,UPI/872318/DOMINOS
2024-10-11,2277.05,IMPS TRANSFER TO DOMINOS 59634
2024-11-08,715.6,IMPS TRANSFER TO JIOMART 86855
2024-01-07,674.69,IMPS TRANSFER TO ICICI BANK 44640
2024-07-30,3765.96,UPI/329394/DOMINOS
2024-11-12,4140.96,IMPS TRANSFER TO HPCL 60465
2024-10-10,1493.01,IMPS TRANSFER TO ZOMATO 10423
2024-06-04,1215.45,ATM CASH WITHDRAWAL HDFC ATM 77476
2024-11-05,1103.18,ATM CASH WITHDRAWAL ICICI ATM 20590
2024-11-09,1218.2,UPI/141115/ZOMATO
2024-04-15,2361.2,UPI/782418/KFC
2024-01-24,3989.83,UPI/409643/NYKAA
2024-09-10,173.75,UPI/195121/ICICIBANK
2024-10-17,3873.17,ATM CASH WITHDRAWAL HDFC ATM 16676
2024-08-18,1698.4,IMPS TRANSFER TO HPCL 37608
2024-09-16,1777.4,IMPS TRANSFER TO SHELL PETROL 78557
2024-08-30,4061.78,IMPS TRANSFER TO BIGBASKET 74941
2024-12-17,4632.06,ATM CASH WITHDRAWAL HDFC ATM 47808
2025-01-02,2845.79,HDFC BANK MUMBAI TXN 61122
2024-11-24,2249.33,IMPS TRANSFER TO PAYTM 15743
2024-09-15,620.9,NEFT TRANSFER TO BIGBASKET 79903
2024-06-20,4236.73,NEFT TRANSFER TO DOMINOS 26006
2024-10-19,4095.13,ATM CASH WITHDRAWAL ICICI ATM 34465
2024-06-22,3349.88,UPI/541654/SHELLPETROL
2024-11-15,2736.63,NEFT TRANSFER TO PHONEPE 18879
2024-01-17,1626.8,UPI/929027/GOOGLE
2024-06-06,2191.62,UPI/811140/HPCL
2024-07-02,3532.75,IMPS TRANSFER TO ICICI BANK 56073
2024-03-29,4060.17,UPI/934149/HDFCBANK
2024-11-01,3728.33,AMAZON DELHI TXN 23880
2024-03-05,2877.96,NEFT TRANSFER TO FLIPKART 41980
2024-08-25,2774.61,NEFT TRANSFER TO APPLE 10312
2024-06-21,2558.76,IMPS TRANSFER TO SHELL PETROL 85338
2024-07-30,4320.54,ATM CASH WITHDRAWAL HDFC ATM 21022
2024-06-14,3110.56,UPI/841034/MCDONALDS
2024-05-15,1803.66,IMPS TRANSFER TO BIGBASKET 64775
2024-05-11,1347.82,BOOKMYSHOW IN TXN 16402
2024-05-17,1316.52,UBER IN TXN 53174
2024-06-17,3105.95,SHELL PETROL DELHI TXN 85789
2024-09-08,678.29,ATM CASH WITHDRAWAL HDFC ATM 94655
2024-05-25,327.21,UPI/682491/KFC
2024-04-15,3848.65,ATM CASH WITHDRAWAL SBI ATM 34648
2024-08-16,2212.0,NEFT TRANSFER TO MCDONALDS 97910
2024-06-12,4295.78,UPI/377237/SWIGGY
2024-09-13,2789.44,IMPS TRANSFER TO MCDONALDS 22598
2024-12-21,1080.93,ATM CASH WITHDRAWAL HDFC ATM 31254
2024-10-25,3804.89,UPI/162861/OLA
2024-07-14,2087.42,NEFT TRANSFER TO FLIPKART 49221
2024-10-01,2850.84,UPI/804479/UBER
2024-06-10,1966.24,UPI/603555/NYKAA
2024-08-23,4478.38,UPI/904971/MAKEMYTRIP
2024-09-10,1978.17,IMPS TRANSFER TO HDFC BANK 69457
2024-08-05,4132.59,OLA DELHI TXN 89258
2024-04-20,3055.46,UPI/279429/APPLE
2024-01-16,4298.13,UPI/529279/UBER
2024-05-04,851.93,IMPS TRANSFER TO APPLE 65940
2024-10-22,4782.27,MAKEMYTRIP MUMBAI TXN 42878
2024-07-02,3624.54,UPI/903327/HPCL
2024-10-26,1935.01,IMPS TRANSFER TO GOOGLE 33593
2024-06-20,2940.25,NEFT TRANSFER TO AMAZON 18947
2024-08-20,1734.03,IMPS TRANSFER TO AMAZON 38622
2024-06-18,1800.85,ZOMATO DELHI TXN 15561
2024-12-21,4740.31,MCDONALDS DELHI TXN 98365
2024-10-05,1968.86,ATM CASH WITHDRAWAL HDFC ATM 44536
2024-10-24,418.76,ATM CASH WITHDRAWAL SBI ATM 19997
2024-06-07,4904.19,NEFT TRANSFER TO INDIAN OIL 87038
2024-10-14,683.56,AMAZON IN TXN 52750
2024-12-25,1705.32,ATM CASH WITHDRAWAL SBI ATM 87161
2024-03-18,3173.14,IMPS TRANSFER TO BOOKMYSHOW 24954
2024-06-06,3004.76,IRCTC MUMBAI TXN 32035
2024-06-10,2122.42,UPI/672158/AMAZON
2024-06-19,4715.45,NEFT TRANSFER TO GOOGLE 90667
2024-06-10,1414.34,IMPS TRANSFER TO DOMINOS 54837
2024-11-27,3893.82,KFC DELHI TXN 94004
2024-05-06,2877.99,UPI/430431/APPLE
2024-01-15,2910.58,HPCL DELHI TXN 65781
2024-10-05,3713.17,ATM CASH WITHDRAWAL SBI ATM 84382
2024-11-18,3428.63,AIRINDIA IN TXN 21626
2024-03-11,3175.87,NEFT TRANSFER TO PHONEPE 58406
2024-06-27,3048.67,NEFT TRANSFER TO UBER 18613
2024-08-01,2863.29,IRCTC MUMBAI TXN 62996
2024-11-28,3281.27,NEFT TRANSFER TO AIRINDIA 82073
2024-10-13,299.46,IMPS TRANSFER TO BOOKMYSHOW 50918
2024-10-17,4564.54,ATM CASH WITHDRAWAL SBI ATM 72817
2024-06-18,351.12,OLA IN TXN 40562
2024-04-06,731.37,ATM CASH WITHDRAWAL SBI ATM 95044
2024-04-16,2264.21,IMPS TRANSFER TO BOOKMYSHOW 75468
2024-01-14,2654.01,INDIAN OIL MUMBAI TXN 24813
2024-12-25,3122.38,IMPS TRANSFER TO INDIAN OIL 16669
2024-03-20,897.4,ATM CASH WITHDRAWAL ICICI ATM 73791
2024-03-13,3413.16,UBER DELHI TXN 51190
2024-10-07,1038.2,NEFT TRANSFER TO DOMINOS 94547
2024-06-07,1584.78,INDIAN OIL MUMBAI TXN 21550
2024-02-23,4799.43,IMPS TRANSFER TO HDFC BANK 51748
2024-01-30,4453.92,IMPS TRANSFER TO AMAZON 30095
2024-05-05,3069.73,MAKEMYTRIP MUMBAI TXN 55339
2024-10-24,4322.99,UPI/715261/INDIANOIL
2024-11-23,602.75,UPI/725843/MYNTRA
2024-04-23,4775.38,INDIAN OIL MUMBAI TXN 87336
2024-10-17,1804.88,IMPS TRANSFER TO AIRINDIA 58865
2024-10-06,2594.3,ICICI BANK DELHI TXN 29588
2024-02-11,2656.33,UPI/209950/MAKEMYTRIP
2024-03-04,1670.61,UPI/175654/FLIPKART
2024-10-14,3029.14,NEFT TRANSFER TO MYNTRA 41131
2024-06-25,4845.82,UPI/548444/MYNTRA
2024-10-06,3273.92,AMAZON MUMBAI TXN 48353
2024-07-06,1150.66,ATM CASH WITHDRAWAL ICICI ATM 57637
2024-08-18,2591.09,NEFT TRANSFER TO AIRINDIA 21337
2024-12-08,4046.15,IMPS TRANSFER TO MCDONALDS 41340
2024-08-10,3432.65,NEFT TRANSFER TO BIGBASKET 99264
2024-10-23,690.51,SWIGGY DELHI TXN 11358
2024-04-10,3409.7,ATM CASH WITHDRAWAL HDFC ATM 86775
2024-06-15,1640.96,NEFT TRANSFER TO HPCL 50631
2024-06-29,1425.87,IMPS TRANSFER TO APPLE 36550
2024-03-31,1262.32,UPI/170120/APPLE
2024-09-04,2392.18,ATM CASH WITHDRAWAL SBI ATM 84725
2024-06-27,2672.24,NEFT TRANSFER TO ZOMATO 57252
2024-07-11,2644.14,NEFT TRANSFER TO OLA 85863
2024-11-15,2248.12,ICICI BANK DELHI TXN 34032
2024-01-10,3369.28,IMPS TRANSFER TO INDIAN OIL 78771
2024-09-10,3935.03,NEFT TRANSFER TO FLIPKART 56117
2024-01-03,945.7,IMPS TRANSFER TO BIGBASKET 47210
2024-10-08,3871.91,ATM CASH WITHDRAWAL ICICI ATM 82522
2024-12-16,1804.3,NEFT TRANSFER TO ZOMATO 13037
2024-03-24,3845.64,NYKAA IN TXN 73798
2024-11-16,2700.63,FLIPKART DELHI TXN 97761
2024-03-24,2716.39,NEFT TRANSFER TO AMAZON 91959
2024-09-11,1766.38,ATM CASH WITHDRAWAL ICICI ATM 21961
2024-03-29,1998.58,NEFT TRANSFER TO INDIAN OIL 14765
2024-06-04,607.09,IMPS TRANSFER TO MAKEMYTRIP 55113
2024-04-06,2545.29,UPI/981412/AIRINDIA
2024-08-31,3631.84,NEFT TRANSFER TO FLIPKART 89089
2024-09-27,4824.05,UPI/289562/BOOKMYSHOW
2024-02-23,1010.72,NEFT TRANSFER TO JIOMART 85802
2024-12-25,3758.49,IMPS TRANSFER TO SHELL PETROL 26868
2024-10-08,4187.76,NEFT TRANSFER TO DOMINOS 48511
2024-03-06,3329.41,IMPS TRANSFER TO OLA 56642
2024-06-10,4329.4,UPI/598889/UBER
2024-12-05,834.85,NEFT TRANSFER TO MAKEMYTRIP 43836
2024-07-20,4365.38,ATM CASH WITHDRAWAL HDFC ATM 56100
2024-02-23,3139.88,IMPS TRANSFER TO MAKEMYTRIP 41601
2024-09-19,2421.97,HDFC BANK IN TXN 14220
2024-10-11,2967.43,ATM CASH WITHDRAWAL SBI ATM 85538
2024-05-21,906.13,IMPS TRANSFER TO MYNTRA 38761
2024-06-04,464.26,UPI/980397/OLA
2024-11-05,623.5,ATM CASH WITHDRAWAL ICICI ATM 63690
2024-09-25,2603.6,FLIPKART IN TXN 11000
2024-06-03,1462.8,NEFT TRANSFER TO JIOMART 81866
2024-03-21,448.44,AIRINDIA IN TXN 83495
2024-08-22,4188.12,UPI/522147/MYNTRA
2024-05-19,4800.83,PAYTM IN TXN 56061
2024-10-23,123.73,UPI/326240/JIOMART
2024-02-24,3927.22,ATM CASH WITHDRAWAL SBI ATM 35884
2024-07-16,1464.23,UPI/166872/GOOGLE
2024-06-13,4841.88,ATM CASH WITHDRAWAL HDFC ATM 99477
2024-12-25,590.36,UPI/835764/ZOMATO
2024-04-16,4503.95,IMPS TRANSFER TO ZOMATO 60365
2024-01-28,218.4,UPI/579587/INDIANOIL
2024-10-30,2275.95,UPI/899672/MCDONALDS
2024-08-19,1085.52,UPI/298499/GOOGLE
2024-02-24,2820.03,NEFT TRANSFER TO HPCL 50567
2024-09-13,57.57,PHONEPE IN TXN 63189
2024-02-20,3837.17,UPI/510910/NYKAA
2024-10-08,2134.86,ATM CASH WITHDRAWAL HDFC ATM 42882
2024-01-26,1011.89,MYNTRA DELHI TXN 54820
2024-02-07,751.03,IMPS TRANSFER TO APPLE 95429
2024-05-31,4902.58,NEFT TRANSFER TO PAYTM 88431
2024-12-20,4578.96,GOOGLE MUMBAI TXN 78483
2025-01-05,2046.25,NEFT TRANSFER TO UBER 34059
2024-02-13,2685.4,UPI/248572/UBER
2024-10-12,4349.55,UPI/483901/HDFCBANK
2024-04-02,2706.61,APPLE MUMBAI TXN 95521
2024-09-27,4011.26,ATM CASH WITHDRAWAL HDFC ATM 36463
2024-01-08,3701.95,UPI/839911/BIGBASKET
2024-06-10,3022.79,NEFT TRANSFER TO SHELL PETROL 67470
2024-06-10,2771.27,NEFT TRANSFER TO HDFC BANK 45080
2024-07-29,1805.53,INDIAN OIL DELHI TXN 26299
2024-04-19,332.16,ATM CASH WITHDRAWAL SBI ATM 13430
2024-12-06,4657.67,APPLE DELHI TXN 61272
2024-01-10,236.34,ATM CASH WITHDRAWAL ICICI ATM 29947
2024-11-08,2026.35,ATM CASH WITHDRAWAL HDFC ATM 62147
2024-08-23,1667.73,ATM CASH WITHDRAWAL SBI ATM 98905
2024-10-13,2509.73,IMPS TRANSFER TO APPLE 33583
2024-05-28,852.16,FLIPKART IN TXN 39907
2024-07-09,4001.99,NEFT TRANSFER TO ICICI BANK 76611
2024-02-19,1047.03,IMPS TRANSFER TO HDFC BANK 96891
2024-08-24,427.42,NEFT TRANSFER TO ICICI BANK 11150
2024-01-09,840.77,UPI/129706/HPCL
2024-12-11,3685.32,ATM CASH WITHDRAWAL HDFC ATM 18259
2024-08-14,4408.29,NEFT TRANSFER TO MAKEMYTRIP 27169
2024-02-14,4606.95,UPI/222353/MYNTRA
2024-05-02,2686.44,NYKAA IN TXN 61414
2024-10-14,2185.23,UPI/528335/MAKEMYTRIP
2024-01-25,2777.01,UPI/813580/DOMINOS
2024-06-01,3266.76,UPI/445102/MCDONALDS
2024-03-29,4043.21,JIOMART MUMBAI TXN 70025
2024-11-24,2973.62,ATM CASH WITHDRAWAL SBI ATM 62524
2024-10-18,1360.79,NEFT TRANSFER TO INDIAN OIL 78522
2024-12-31,352.6,IMPS TRANSFER TO ZOMATO 45851
2024-08-18,2743.57,ATM CASH WITHDRAWAL HDFC ATM 18070
2024-02-20,251.14,KFC MUMBAI TXN 71057
2024-12-23,1281.48,NEFT TRANSFER TO OLA 43685
2024-08-04,876.91,AIRINDIA MUMBAI TXN 53676
2024-02-03,3933.55,UPI/836101/BOOKMYSHOW
2024-05-03,4962.05,UPI/404205/MYNTRA
2024-11-14,2883.82,NEFT TRANSFER TO MYNTRA 21937
2024-01-01,3902.57,UPI/190245/NYKAA
2024-07-29,3825.11,UBER DELHI TXN 23510
2024-03-25,2841.44,NEFT TRANSFER TO IRCTC 53804
2024-11-14,308.19,HPCL DELHI TXN 82468
2024-08-13,207.24,PHONEPE MUMBAI TXN 56735
2024-05-08,114.63,JIOMART DELHI TXN 39685
2024-03-06,4068.62,NEFT TRANSFER TO OLA 48753
2024-06-30,2467.2,DOMINOS DELHI TXN 37512
2024-05-15,2075.68,ATM CASH WITHDRAWAL ICICI ATM 31705
2024-03-10,1860.69,IRCTC DELHI TXN 16215
2024-11-12,4814.24,UPI/295795/FLIPKART
2024-06-21,3515.38,NEFT TRANSFER TO UBER 23180
2024-11-20,2481.48,IMPS TRANSFER TO SWIGGY 69078
2024-12-05,4875.12,ATM CASH WITHDRAWAL SBI ATM 98484
2024-10-13,4574.79,IMPS TRANSFER TO SHELL PETROL 58578
2024-09-16,1334.89,MCDONALDS DELHI TXN 23647
2024-11-29,1784.12,ATM CASH WITHDRAWAL HDFC ATM 79749
2024-08-06,3764.12,NEFT TRANSFER TO AMAZON 27832
2024-05-09,4133.67,BOOKMYSHOW IN TXN 21766
2024-08-08,2430.03,UPI/234539/ICICIBANK
2024-12-09,2799.02,DOMINOS DELHI TXN 59244
2024-05-31,2936.07,IMPS TRANSFER TO FLIPKART 90451
2024-01-08,1854.39,GOOGLE IN TXN 80601
2024-12-18,157.71,BIGBASKET IN TXN 27688
2024-12-10,701.51,NEFT TRANSFER TO SHELL PETROL 96879
2024-05-17,3470.95,SWIGGY IN TXN 56696
2024-05-29,159.9,UPI/242035/DOMINOS
2024-10-19,1313.04,IMPS TRANSFER TO MCDONALDS 35347
2024-11-20,1478.04,UPI/234631/ICICIBANK
2024-05-17,3225.93,NEFT TRANSFER TO BIGBASKET 39355
2024-10-22,2286.44,ATM CASH WITHDRAWAL HDFC ATM 93476
2024-06-29,2271.84,IMPS TRANSFER TO OLA 54281
2024-11-16,688.73,HPCL IN TXN 15617
2024-03-28,1978.93,ATM CASH WITHDRAWAL HDFC ATM 37375
2024-02-20,1807.97,ATM CASH WITHDRAWAL HDFC ATM 56591
2024-09-09,2319.4,ATM CASH WITHDRAWAL SBI ATM 22178
2024-03-21,2506.88,UPI/968581/MYNTRA
2024-10-12,1616.33,INDIAN OIL IN TXN 28086
2024-09-16,990.12,MCDONALDS MUMBAI TXN 38452
2024-07-07,1915.46,BIGBASKET IN TXN 58882
2024-08-15,4209.56,IMPS TRANSFER TO PHONEPE 52932
2024-06-28,3357.16,UPI/130693/AMAZON
2024-01-14,277.97,IMPS TRANSFER TO JIOMART 28439
2024-03-28,1712.6,UPI/100186/AMAZON
2024-10-04,472.25,NEFT TRANSFER TO BIGBASKET 95302
2024-09-29,1478.64,UPI/437969/HDFCBANK
2024-07-01,3993.48,JIOMART MUMBAI TXN 97839
2024-12-12,3046.5,IMPS TRANSFER TO AIRINDIA 11567
2024-07-05,2124.64,NEFT TRANSFER TO INDIAN OIL 40131
2024-03-10,2151.92,BOOKMYSHOW DELHI TXN 98108
2024-10-08,1795.83,NEFT TRANSFER TO PAYTM 97631
2024-06-14,1103.18,IMPS TRANSFER TO SHELL PETROL 44043
2024-03-28,4213.76,ICICI BANK MUMBAI TXN 85316
2025-01-02,4930.27,UPI/851677/AIRINDIA
2024-03-16,4944.41,GOOGLE MUMBAI TXN 94474
2024-08-17,3231.49,UPI/410001/KFC
2024-05-06,4936.63,IMPS TRANSFER TO SWIGGY 79931
2024-08-07,2776.98,UPI/940432/BOOKMYSHOW
2024-12-17,3566.96,ATM CASH WITHDRAWAL HDFC ATM 24360
2024-02-12,945.86,ATM CASH WITHDRAWAL SBI ATM 48435
2024-07-02,1910.6,PAYTM IN TXN 37246
2024-10-07,2227.02,ATM CASH WITHDRAWAL ICICI ATM 24256
2024-12-10,1111.67,PAYTM DELHI TXN 30754
2024-03-02,4714.53,NEFT TRANSFER TO IRCTC 42880
2024-03-06,1698.24,NEFT TRANSFER TO APPLE 76564
2024-10-21,3484.85,APPLE DELHI TXN 39816
2024-08-13,2143.4,ATM CASH WITHDRAWAL SBI ATM 17280
2024-11-05,4070.6,INDIAN OIL IN TXN 67647
2024-07-10,3371.71,IMPS TRANSFER TO BIGBASKET 34165
2024-12-14,4981.65,ATM CASH WITHDRAWAL ICICI ATM 59383
2024-08-14,2154.4,ZOMATO IN TXN 16552
2024-02-12,4576.97,IMPS TRANSFER TO AIRINDIA 66386
2024-12-23,1566.38,UBER IN TXN 22633
2024-02-15,3811.21,ATM CASH WITHDRAWAL ICICI ATM 80785
2024-05-05,2353.99,IMPS TRANSFER TO ICICI BANK 45570
2024-12-10,820.43,NEFT TRANSFER TO AIRINDIA 55590
2024-09-14,4811.54,MCDONALDS IN TXN 80568
2024-06-17,1291.48,UPI/555870/JIOMART
2024-10-29,1640.02,IMPS TRANSFER TO ICICI BANK 36157
2024-03-27,1364.08,IMPS TRANSFER TO HPCL 67602
2024-09-23,3409.62,UPI/347362/ZOMATO
2024-07-15,1665.75,NYKAA MUMBAI TXN 70956
2024-11-01,3699.16,IMPS TRANSFER TO PHONEPE 10938
2024-12-05,3948.89,IMPS TRANSFER TO APPLE 51260
2024-01-03,3352.65,ATM CASH WITHDRAWAL ICICI ATM 36625
2024-10-01,4021.93,IMPS TRANSFER TO ZOMATO 62785
2024-10-09,1114.81,UPI/258645/AIRINDIA
2024-08-05,1297.07,UPI/552855/AIRINDIA
2024-07-31,4862.31,IMPS TRANSFER TO FLIPKART 69189
2024-09-23,2689.27,IMPS TRANSFER TO GOOGLE 19589
2024-05-14,3846.24,ATM CASH WITHDRAWAL SBI ATM 58183
2024-07-08,4552.58,ATM CASH WITHDRAWAL SBI ATM 56061
2024-04-08,306.93,NEFT TRANSFER TO IRCTC 36350
2024-02-12,3243.92,UPI/655737/PHONEPE
2024-08-07,3387.71,IMPS TRANSFER TO MCDONALDS 68371
2024-05-03,3393.25,ATM CASH WITHDRAWAL SBI ATM 65989
2024-03-18,304.51,ATM CASH WITHDRAWAL HDFC ATM 28397
2024-12-02,3912.77,IMPS TRANSFER TO HPCL 47195
2024-06-19,2545.35,IMPS TRANSFER TO DOMINOS 77739
2024-10-23,4579.0,UPI/832145/ZOMATO
2024-10-18,199.28,UBER DELHI TXN 92270
2024-07-18,2697.72,ATM CASH WITHDRAWAL HDFC ATM 89179
2024-04-07,843.76,UPI/675824/ICICIBANK
2024-10-15,60.28,ATM CASH WITHDRAWAL ICICI ATM 96285
2024-07-13,1294.41,UPI/848689/ZOMATO
2024-04-27,971.91,AIRINDIA MUMBAI TXN 55217
2024-02-03,4429.24,INDIAN OIL DELHI TXN 77801
2024-08-01,2043.85,IMPS TRANSFER TO MCDONALDS 94991
2024-07-22,2194.69,ATM CASH WITHDRAWAL HDFC ATM 65913
2024-04-13,3634.65,IMPS TRANSFER TO UBER 77324
2024-11-05,1827.8,IMPS TRANSFER TO SWIGGY 44880
2024-09-27,1100.19,PAYTM DELHI TXN 28432
2024-04-28,2969.95,UPI/807088/GOOGLE
2024-06-17,2974.27,UPI/774065/IRCTC
2024-12-09,1525.75,UPI/262739/APPLE
2024-12-24,3900.93,UPI/531782/MCDONALDS
2024-07-18,346.29,SHELL PETROL MUMBAI TXN 41100
2024-04-11,4966.41,UPI/909592/BOOKMYSHOW
2024-11-01,2882.53,UPI/135572/UBER
2024-07-27,91.28,ATM CASH WITHDRAWAL HDFC ATM 13448
2024-03-23,724.14,UPI/372380/HPCL
2024-08-17,3420.13,NEFT TRANSFER TO UBER 76584
2024-09-11,1639.5,IMPS TRANSFER TO INDIAN OIL 45986
2024-09-01,3786.77,IMPS TRANSFER TO KFC 30845
2024-01-17,4357.32,ATM CASH WITHDRAWAL HDFC ATM 70238
2024-10-05,4632.32,HDFC BANK IN TXN 43513
2024-04-25,4981.74,IMPS TRANSFER TO KFC 74002
2024-10-31,2134.21,IMPS TRANSFER TO JIOMART 41328
2024-08-28,215.31,ATM CASH WITHDRAWAL HDFC ATM 12772
2024-03-23,986.91,NEFT TRANSFER TO AMAZON 25093
2024-05-22,4846.43,UPI/836347/INDIANOIL
2024-02-08,1939.34,NEFT TRANSFER TO ICICI BANK 28109
2024-01-09,1942.21,AMAZON MUMBAI TXN 41712
2024-09-08,4108.7,ATM CASH WITHDRAWAL ICICI ATM 40215
2024-03-07,65.41,NEFT TRANSFER TO ZOMATO 76004
2024-04-20,2905.79,ATM CASH WITHDRAWAL SBI ATM 35915
2024-03-01,3874.66,IMPS TRANSFER TO HDFC BANK 34614
2024-06-30,3387.35,JIOMART MUMBAI TXN 81930
2024-01-17,2992.06,IMPS TRANSFER TO SWIGGY 82554
2024-05-26,976.79,UPI/697487/OLA
2024-08-07,797.95,KFC MUMBAI TXN 20080
2024-11-18,233.94,ATM CASH WITHDRAWAL SBI ATM 42508
2024-11-02,2484.64,IMPS TRANSFER TO AMAZON 14442
2024-07-14,4939.88,NEFT TRANSFER TO UBER 64587
2024-03-03,328.36,NEFT TRANSFER TO KFC 50899
2024-04-05,1464.31,UPI/754407/PAYTM
2024-08-12,4278.42,UPI/507324/MAKEMYTRIP
2024-05-08,1725.59,KFC IN TXN 52350
2024-03-31,2929.07,ATM CASH WITHDRAWAL ICICI ATM 85467
2024-12-22,4680.64,ATM CASH WITHDRAWAL HDFC ATM 76760
2024-04-11,3002.65,IMPS TRANSFER TO KFC 64756
2024-09-02,3953.08,NEFT TRANSFER TO BOOKMYSHOW 46577
2024-07-31,227.07,IMPS TRANSFER TO UBER 24612
2024-07-19,2110.34,HDFC BANK DELHI TXN 30248
2024-07-20,3048.03,ATM CASH WITHDRAWAL SBI ATM 33305
2024-07-30,1892.24,UPI/556713/GOOGLE
2024-06-27,2495.58,UPI/812837/BIGBASKET
2024-12-10,461.48,IMPS TRANSFER TO INDIAN OIL 84800
2024-11-27,3682.31,UPI/823831/APPLE
2024-09-10,3318.84,ATM CASH WITHDRAWAL SBI ATM 73006
2024-03-15,2440.4,DOMINOS DELHI TXN 56435
2024-05-01,4095.46,NEFT TRANSFER TO IRCTC 97085
2024-05-07,3654.58,UPI/694819/FLIPKART
2024-04-03,593.78,NEFT TRANSFER TO UBER 50688
2024-11-17,3508.05,IMPS TRANSFER TO IRCTC 45679
2024-12-09,1956.74,NEFT TRANSFER TO AIRINDIA 56039
2024-06-22,4993.75,NEFT TRANSFER TO AMAZON 82336
2024-03-29,3956.66,ATM CASH WITHDRAWAL SBI ATM 49579
2024-06-29,1171.0,IMPS TRANSFER TO SWIGGY 66018
2024-04-30,4530.09,UPI/232095/AIRINDIA
2024-12-13,3459.88,NEFT TRANSFER TO AMAZON 49232
2024-06-24,477.67,MAKEMYTRIP DELHI TXN 23254
2024-01-10,3973.35,NEFT TRANSFER TO PHONEPE 63057
2024-06-15,1552.75,UPI/601775/MYNTRA
2024-10-12,3687.86,NEFT TRANSFER TO OLA 72417
2024-03-30,1749.33,ZOMATO IN TXN 20814
2024-09-12,211.14,IMPS TRANSFER TO ICICI BANK 34706
2024-04-25,2987.13,ATM CASH WITHDRAWAL SBI ATM 66927
2024-06-09,634.79,ATM CASH WITHDRAWAL SBI ATM 80654
2024-07-16,1232.72,ATM CASH WITHDRAWAL HDFC ATM 36481
2024-11-26,4868.03,SHELL PETROL IN TXN 16688
2024-05-24,774.91,ATM CASH WITHDRAWAL SBI ATM 49602
2024-05-08,4858.05,UPI/285154/PHONEPE
2024-01-11,1131.26,NEFT TRANSFER TO BOOKMYSHOW 93955
2024-12-17,420.59,UPI/387659/APPLE
2024-10-24,1054.84,UBER MUMBAI TXN 32316
2024-06-25,4612.59,IMPS TRANSFER TO BIGBASKET 79323
2024-04-02,133.59,ATM CASH WITHDRAWAL HDFC ATM 74353
2024-03-30,4014.76,UPI/842346/PHONEPE
2024-04-17,3569.76,IMPS TRANSFER TO UBER 43334
2024-07-13,1461.6,IMPS TRANSFER TO FLIPKART 61855
2024-11-24,2367.88,ATM CASH WITHDRAWAL ICICI ATM 28256
2024-04-21,986.35,UPI/935766/HDFCBANK
2024-02-05,454.07,UPI/113294/APPLE
2024-12-19,1261.91,NEFT TRANSFER TO IRCTC 88423
2024-08-18,3556.33,NEFT TRANSFER TO KFC 19231
2024-08-21,3500.21,IMPS TRANSFER TO MCDONALDS 41410
2024-01-13,4899.57,IMPS TRANSFER TO GOOGLE 21616
2024-12-28,572.89,APPLE MUMBAI TXN 10727
2024-12-24,1160.36,ATM CASH WITHDRAWAL SBI ATM 22157
2024-09-25,3849.36,UPI/714733/OLA
2024-06-02,4035.89,NEFT TRANSFER TO MCDONALDS 99299
2024-03-11,2983.29,IMPS TRANSFER TO HPCL 98165
2024-03-22,4183.07,ATM CASH WITHDRAWAL SBI ATM 75321
2024-04-21,1037.28,ATM CASH WITHDRAWAL ICICI ATM 81888
2024-08-23,4953.55,NEFT TRANSFER TO ICICI BANK 58995
2024-07-24,4086.03,ATM CASH WITHDRAWAL ICICI ATM 41505
2024-06-07,4330.37,NEFT TRANSFER TO MYNTRA 22646
2024-12-02,278.88,UPI/346485/IRCTC
2024-06-22,4685.31,NYKAA DELHI TXN 37326
2024-03-17,3711.41,UPI/953585/MYNTRA
2024-02-19,2048.14,UPI/349616/BOOKMYSHOW
2024-12-31,3487.86,ATM CASH WITHDRAWAL ICICI ATM 41439
2024-07-26,2026.85,UPI/865797/IRCTC
2025-01-05,1835.54,UPI/668520/INDIANOIL
2024-02-28,1277.1,UPI/114331/FLIPKART
2024-03-21,2350.2,OLA MUMBAI TXN 97768
2024-12-11,724.95,ATM CASH WITHDRAWAL HDFC ATM 14704
2024-07-23,4370.76,UPI/935233/HDFCBANK
2024-01-19,558.4,IMPS TRANSFER TO HPCL 60699
2024-07-16,604.26,IMPS TRANSFER TO SWIGGY 68394
2024-10-27,3070.29,ATM CASH WITHDRAWAL ICICI ATM 73803
2024-07-20,443.42,UPI/255891/ZOMATO
2024-09-15,3003.26,ATM CASH WITHDRAWAL SBI ATM 18741
2024-07-23,285.56,ATM CASH WITHDRAWAL SBI ATM 48500
2024-10-01,1681.67,AIRINDIA DELHI TXN 19661
2024-01-16,4573.16,KFC IN TXN 71871
2024-12-16,2516.08,IMPS TRANSFER TO JIOMART 98224
2024-12-03,2477.67,UPI/207818/BOOKMYSHOW
2024-09-14,2835.6,MCDONALDS DELHI TXN 32169
2024-11-14,2884.56,ICICI BANK MUMBAI TXN 17174
2024-06-07,617.19,IMPS TRANSFER TO FLIPKART 82991
2024-02-28,2920.2,HPCL IN TXN 63969
2024-07-04,988.23,ATM CASH WITHDRAWAL SBI ATM 62193
2024-07-11,1108.01,NEFT TRANSFER TO ZOMATO 95696
2024-01-29,1859.71,UPI/165679/PHONEPE
2024-04-13,3407.72,IMPS TRANSFER TO AIRINDIA 51299
2024-05-15,4239.61,IMPS TRANSFER TO IRCTC 20790
2024-09-12,1331.54,NEFT TRANSFER TO AIRINDIA 33594
2024-01-26,3460.31,IMPS TRANSFER TO GOOGLE 56855
2024-10-02,3536.42,NEFT TRANSFER TO BIGBASKET 39690
2024-08-29,4306.78,NEFT TRANSFER TO MCDONALDS 35858
2024-08-15,1191.55,IMPS TRANSFER TO MAKEMYTRIP 22471
2024-07-17,3986.72,ATM CASH WITHDRAWAL SBI ATM 30301
2024-02-11,2406.68,IMPS TRANSFER TO PAYTM 88205
2024-12-29,122.65,UPI/456266/BIGBASKET
2024-09-18,4868.65,NEFT TRANSFER TO MYNTRA 33528
2024-04-23,4792.0,UPI/243862/DOMINOS
2024-09-30,1494.22,BIGBASKET IN TXN 14206
2024-05-26,3411.19,ATM CASH WITHDRAWAL HDFC ATM 27286
2024-02-27,4938.54,BOOKMYSHOW IN TXN 76155
2024-07-22,2577.73,AMAZON MUMBAI TXN 56275
2024-09-30,3911.92,ATM CASH WITHDRAWAL ICICI ATM 44662
2024-10-18,2160.52,ATM CASH WITHDRAWAL HDFC ATM 56202
2024-06-29,4581.05,NEFT TRANSFER TO BOOKMYSHOW 95706
2024-08-25,3182.91,ATM CASH WITHDRAWAL HDFC ATM 54382
2024-05-26,595.93,IMPS TRANSFER TO PHONEPE 41180
2024-10-16,1128.43,ATM CASH WITHDRAWAL HDFC ATM 92761
2024-02-09,1517.71,PHONEPE MUMBAI TXN 98200
2024-12-24,4721.61,UPI/793244/DOMINOS
2024-04-22,2941.93,HDFC BANK MUMBAI TXN 46201
2024-10-13,2742.62,MYNTRA MUMBAI TXN 62300
2024-09-16,2903.25,NEFT TRANSFER TO NYKAA 40529
2024-04-18,693.78,UPI/460580/JIOMART
2024-08-15,2243.75,SHELL PETROL MUMBAI TXN 16812
2024-09-25,421.19,APPLE IN TXN 51311
2024-01-16,1754.46,ATM CASH WITHDRAWAL SBI ATM 75465
2024-02-07,1722.9,UPI/873860/HDFCBANK
2024-05-20,911.95,UPI/841153/KFC
2024-12-11,2551.77,NEFT TRANSFER TO NYKAA 67160
2024-11-12,4628.75,NEFT TRANSFER TO JIOMART 72138
2024-05-28,1927.49,NEFT TRANSFER TO INDIAN OIL 36102
2024-08-10,4099.74,UPI/701263/OLA
2024-02-01,2570.84,IMPS TRANSFER TO PHONEPE 79885
2024-04-13,1106.73,ZOMATO IN TXN 94986
2024-07-31,3046.85,IMPS TRANSFER TO MYNTRA 25633
2024-01-30,4810.66,PHONEPE DELHI TXN 78214
2024-01-13,4331.79,KFC DELHI TXN 21465
2024-07-07,3463.05,UPI/352243/UBER
2024-01-14,282.75,NEFT TRANSFER TO ZOMATO 75199
2024-07-06,2163.71,UPI/552633/IRCTC
2024-07-07,3379.53,KFC IN TXN 62790
2024-02-06,61.21,NEFT TRANSFER TO MYNTRA 80789
2024-11-04,576.77,NEFT TRANSFER TO HPCL 47223
2024-12-14,1242.61,PAYTM MUMBAI TXN 49369
2024-03-14,1201.7,ATM CASH WITHDRAWAL SBI ATM 57550
2024-03-17,1734.32,ZOMATO DELHI TXN 73067
2024-08-19,1898.1,UPI/958082/BIGBASKET
2024-02-03,2198.78,NEFT TRANSFER TO PAYTM 81776
2024-05-02,2805.68,IMPS TRANSFER TO AIRINDIA 97523
2024-08-26,274.1,UPI/575976/HPCL
2024-12-03,1887.67,ATM CASH WITHDRAWAL SBI ATM 99118
2024-11-14,2857.15,UPI/425551/NYKAA
2024-05-03,64.99,NEFT TRANSFER TO MYNTRA 61570
2024-04-28,2091.05,IMPS TRANSFER TO MCDONALDS 53199
2024-06-02,405.63,IMPS TRANSFER TO INDIAN OIL 84214
2024-08-28,2320.51,UPI/266898/MCDONALDS
2024-05-15,2709.57,ATM CASH WITHDRAWAL ICICI ATM 23742
2024-11-29,4494.41,IMPS TRANSFER TO MYNTRA 51825
2024-10-18,3089.98,ATM CASH WITHDRAWAL SBI ATM 45109
2024-09-06,382.9,ATM CASH WITHDRAWAL ICICI ATM 42163
2024-05-17,4668.66,ATM CASH WITHDRAWAL SBI ATM 40372
2024-01-29,1750.03,IMPS TRANSFER TO MAKEMYTRIP 71415
2024-03-05,991.16,FLIPKART DELHI TXN 67379
2024-05-21,4682.51,IMPS TRANSFER TO HPCL 56352
2024-06-05,1001.74,IMPS TRANSFER TO GOOGLE 43922
2024-03-17,1343.75,NEFT TRANSFER TO SHELL PETROL 68096
2024-01-11,3535.75,ATM CASH WITHDRAWAL SBI ATM 43201
2024-10-14,4868.87,IMPS TRANSFER TO MYNTRA 74403
2024-06-15,352.47,NEFT TRANSFER TO OLA 31498
2024-12-16,328.85,UPI/118056/JIOMART
2024-02-22,3844.82,ATM CASH WITHDRAWAL HDFC ATM 77625
2024-11-18,2594.73,NEFT TRANSFER TO NYKAA 37226
2024-10-16,4995.79,NEFT TRANSFER TO BIGBASKET 22549
2024-09-01,4609.36,IMPS TRANSFER TO PAYTM 73639
2024-06-12,3539.8,NEFT TRANSFER TO DOMINOS 56995
2024-04-12,4523.97,ATM CASH WITHDRAWAL SBI ATM 12558
2024-07-24,1477.07,UBER DELHI TXN 17374
2024-04-04,2647.67,IMPS TRANSFER TO HPCL 50480
2024-06-18,3267.91,UPI/806105/APPLE
2024-08-19,1668.2,ATM CASH WITHDRAWAL SBI ATM 33607
2024-01-01,3311.3,NEFT TRANSFER TO BIGBASKET 53289
2024-01-18,3936.19,IMPS TRANSFER TO DOMINOS 27060
2024-03-26,4017.13,UPI/541771/KFC
2024-07-08,1901.67,NEFT TRANSFER TO GOOGLE 91411
2024-05-07,3204.27,IRCTC DELHI TXN 70417
2024-07-28,1634.39,ATM CASH WITHDRAWAL ICICI ATM 39442
2024-07-11,2670.15,IMPS TRANSFER TO APPLE 83161
2024-02-09,2775.33,ATM CASH WITHDRAWAL ICICI ATM 56602
2024-12-20,236.45,IMPS TRANSFER TO KFC 91686
2024-05-05,3530.37,NEFT TRANSFER TO HDFC BANK 85574
2024-08-24,269.61,ATM CASH WITHDRAWAL HDFC ATM 38140
2024-12-15,971.88,NEFT TRANSFER TO MCDONALDS 68900
2024-03-02,1136.82,NEFT TRANSFER TO BIGBASKET 69738
2024-08-04,1768.07,UPI/751881/NYKAA
2024-08-21,4210.66,IMPS TRANSFER TO UBER 71938
2024-12-15,4197.62,UPI/804112/SHELLPETROL
2024-05-20,2783.66,NEFT TRANSFER TO HPCL 73831
2024-03-28,648.13,UPI/823817/OLA
2024-03-10,749.11,IMPS TRANSFER TO DOMINOS 83448
2024-06-24,3326.02,IMPS TRANSFER TO KFC 92341
2024-03-16,174.66,APPLE MUMBAI TXN 65819
2024-11-25,1654.92,ATM CASH WITHDRAWAL SBI ATM 95545
2024-06-27,2567.99,IMPS TRANSFER TO PHONEPE 75011
2025-01-01,2106.31,IMPS TRANSFER TO AIRINDIA 22723
2024-08-08,3866.26,NEFT TRANSFER TO PHONEPE 60835
2024-09-28,4004.46,UPI/199962/AMAZON
2024-12-22,629.07,ATM CASH WITHDRAWAL SBI ATM 50205
2024-04-20,332.32,IMPS TRANSFER TO OLA 13188
2024-02-10,3650.45,UPI/735149/MAKEMYTRIP
2024-12-26,4600.46,ATM CASH WITHDRAWAL ICICI ATM 56034
2024-04-15,1942.67,ATM CASH WITHDRAWAL SBI ATM 21825
2024-12-31,1713.75,IMPS TRANSFER TO MYNTRA 50427
2024-05-07,738.21,NEFT TRANSFER TO IRCTC 34324
2024-12-12,4369.07,OLA MUMBAI TXN 48848
2024-05-17,4888.25,UPI/552383/JIOMART
2024-01-01,4853.1,IMPS TRANSFER TO GOOGLE 37086
2024-07-27,3964.35,UPI/804333/MAKEMYTRIP
2024-01-27,2540.61,IMPS TRANSFER TO UBER 34190
2024-11-03,2785.19,UPI/266849/MCDONALDS
2024-12-20,2790.62,ATM CASH WITHDRAWAL SBI ATM 12803
2024-08-10,1490.67,IMPS TRANSFER TO BIGBASKET 59458
2024-10-11,436.57,IMPS TRANSFER TO BIGBASKET 38371
2024-09-08,1987.01,UPI/748358/APPLE
2024-05-09,2169.89,NEFT TRANSFER TO SHELL PETROL 11379
2024-07-07,2039.18,NEFT TRANSFER TO OLA 50923
2024-07-18,3454.42,ATM CASH WITHDRAWAL SBI ATM 25074
2024-07-09,792.67,NEFT TRANSFER TO AMAZON 47033
2024-08-11,2485.82,ATM CASH WITHDRAWAL HDFC ATM 24516
2024-11-07,2290.13,SHELL PETROL IN TXN 92083
2024-12-25,3708.76,IMPS TRANSFER TO AMAZON 48613
2024-08-12,636.29,MYNTRA IN TXN 61692
2024-12-21,2098.87,SWIGGY MUMBAI TXN 41814
2024-07-21,2831.65,SWIGGY IN TXN 33230
2024-08-19,1787.69,SHELL PETROL MUMBAI TXN 19016
2024-04-29,966.41,ATM CASH WITHDRAWAL ICICI ATM 42013
2024-05-07,3901.14,NEFT TRANSFER TO APPLE 12377
2024-07-10,4857.31,ATM CASH WITHDRAWAL HDFC ATM 10676
2024-02-16,4452.88,HDFC BANK DELHI TXN 68903
2024-09-22,1552.49,ATM CASH WITHDRAWAL HDFC ATM 95808
2024-12-28,2268.77,IMPS TRANSFER TO KFC 76863
2024-08-19,3606.73,ATM CASH WITHDRAWAL SBI ATM 39291
2024-05-13,1012.02,ATM CASH WITHDRAWAL SBI ATM 68302
2024-02-06,1652.92,UBER DELHI TXN 54842
2024-09-06,4356.27,UPI/690745/KFC
2024-06-21,1562.76,IMPS TRANSFER TO ICICI BANK 49040
2024-10-27,782.42,MAKEMYTRIP IN TXN 51838
2024-01-20,2964.67,NEFT TRANSFER TO ICICI BANK 89607
2024-03-14,1115.23,IMPS TRANSFER TO BOOKMYSHOW 26002
2024-12-04,4372.96,UPI/194752/OLA
2024-01-21,3254.58,NEFT TRANSFER TO PAYTM 85733
2024-03-26,1146.02,ATM CASH WITHDRAWAL ICICI ATM 20459
2024-10-16,2948.16,NEFT TRANSFER TO ZOMATO 16847
2024-05-31,4647.04,NEFT TRANSFER TO MAKEMYTRIP 81502
2024-06-20,3891.81,UPI/281396/APPLE
2024-04-08,273.43,UPI/294200/APPLE
2024-06-17,4717.4,MYNTRA MUMBAI TXN 63115
2024-09-29,2328.03,NEFT TRANSFER TO DOMINOS 95853
2024-12-05,4618.95,UPI/307087/GOOGLE
2024-03-19,4332.28,UPI/986460/SHELLPETROL
2024-04-19,2798.23,NEFT TRANSFER TO MYNTRA 73344
2024-01-04,2335.79,IMPS TRANSFER TO UBER 27734
2024-12-30,3567.9,ATM CASH WITHDRAWAL ICICI ATM 38045
2024-12-26,97.37,ATM CASH WITHDRAWAL SBI ATM 29527
2024-05-05,2936.99,NEFT TRANSFER TO INDIAN OIL 21893
2024-06-03,2766.76,MAKEMYTRIP IN TXN 87691
2024-10-21,1871.62,UPI/233930/JIOMART
2024-04-27,939.27,NEFT TRANSFER TO OLA 38764
2024-10-19,4188.27,IMPS TRANSFER TO BIGBASKET 73368
2024-07-25,347.27,NEFT TRANSFER TO PAYTM 93008
2024-11-07,763.99,ZOMATO DELHI TXN 86468
2024-01-06,238.19,UPI/924001/FLIPKART
2024-06-14,4501.23,ATM CASH WITHDRAWAL ICICI ATM 34127
2024-11-05,524.47,IMPS TRANSFER TO PAYTM 24073
2024-09-07,4275.08,ATM CASH WITHDRAWAL HDFC ATM 74172
2024-01-11,1124.21,NEFT TRANSFER TO MAKEMYTRIP 92958
2024-04-24,649.18,UPI/473355/ICICIBANK
2024-11-10,2386.32,IMPS TRANSFER TO OLA 73557
2024-10-04,1504.13,IMPS TRANSFER TO HPCL 83938
2024-01-05,1495.07,OLA IN TXN 26720
2025-01-03,276.27,ATM CASH WITHDRAWAL HDFC ATM 54414
2024-09-01,4993.28,ATM CASH WITHDRAWAL HDFC ATM 71048
2025-01-03,2746.48,NEFT TRANSFER TO MYNTRA 10387
2024-02-14,913.16,UPI/120729/OLA
2024-01-04,1253.24,UPI/193174/ZOMATO
2024-09-23,1198.17,ATM CASH WITHDRAWAL HDFC ATM 87071
2024-07-04,1752.72,ATM CASH WITHDRAWAL ICICI ATM 50175
2024-10-11,1813.78,MAKEMYTRIP IN TXN 94247
2024-08-14,2148.22,UPI/972057/BOOKMYSHOW
2024-09-10,894.83,NEFT TRANSFER TO ICICI BANK 45638
2024-11-17,4704.06,NEFT TRANSFER TO AIRINDIA 51609
2024-07-27,4827.36,ATM CASH WITHDRAWAL SBI ATM 85996
2024-10-03,3026.3,IMPS TRANSFER TO KFC 47993
2024-04-21,1009.71,UPI/835829/PHONEPE
2024-11-26,355.73,MYNTRA DELHI TXN 92376
2024-03-31,4210.96,NEFT TRANSFER TO GOOGLE 38914
2024-05-11,2932.37,ATM CASH WITHDRAWAL ICICI ATM 30487
2024-03-24,874.63,BIGBASKET DELHI TXN 69046
2024-07-20,3481.53,ATM CASH WITHDRAWAL SBI ATM 24482
2024-03-31,1941.43,IMPS TRANSFER TO JIOMART 81630
2024-12-21,3778.7,MAKEMYTRIP IN TXN 87262
2024-12-04,1306.64,UPI/214655/ICICIBANK
2024-10-11,4491.64,IMPS TRANSFER TO MYNTRA 37102
2024-07-28,1454.33,OLA IN TXN 45264
2024-03-31,1548.65,UPI/219235/OLA
2024-06-09,2887.42,UPI/930648/KFC
